Data,Zatrzymani na gorącym uczynku,Zatrzymani poszukiwani,Zatrzymani nietrzeźwi kierujący,Wypadki drogowe,Zabici w wypadkach,Ranni w wypadkach
30.03.2016,581,258,171,70,4,87
29.03.2016,660,266,267,73,15,100
28.03.2016,717,133,321,60,6,89
27.03.2016,482,122,230,38,4,47
26.03.2016,647,180,267,79,16,107
25.03.2016,717,302,243,63,2,72
24.03.2016,636,266,202,67,3,84
23.03.2016,599,247,161,73,6,84
22.03.2016,646,220,183,95,7,132
21.03.2016,665,221,197,57,3,74
20.03.2016,731,141,267,42,4,57
19.03.2016,697,168,257,56,5,77
18.03.2016,729,281,220,73,6,86
17.03.2016,764,308,242,75,8,80
16.03.2016,696,279,193,63,2,90
15.03.2016,643,279,176,61,2,81
14.03.2016,665,247,238,76,3,102
13.03.2016,727,130,264,48,3,60
12.03.2016,754,127,255,83,14,83
11.03.2016,692,248,209,87,11,91
10.03.2016,702,256,218,61,6,69
10.03.2016,702,256,218,61,6,69
09.03.2016,1029,281,242,64,8,78
08.03.2016,717,249,194,66,3,85
07.03.2016,637,260,181,56,2,73
06.03.2016,688,121,274,39,6,46
05.03.2016,849,157,368,42,2,61
04.03.2016,708,274,201,62,8,71
03.03.2016,698,287,177,55,5,63
02.03.2016,630,276,189,60,3,72
01.03.2016,542,255,121,87,10,114
29.02.2016,572,258,174,85,5,107
28.02.2016,715,149,260,47,3,61
27.02.2016,669,189,240,85,7,117
26.02.2016,665,331,201,63,3,80
25.02.2016,597,273,151,83,7,88
24.02.2016,619,297,137,67,2,76
23.02.2016,621,294,165,69,4,76
22.02.2016,660,283,197,68,9,79
21.02.2016,625,145,209,39,4,50
20.02.2016,675,165,262,52,4,70
19.02.2016,597,247,174,99,7,11
18.02.2016,647,300,161,56,7,62
17.02.2016,624,248,151,58,2,69
16.02.2016,619,267,154,54,1,69
15.02.2016,636,259,207,65,5,77
14.02.2016,735,129,252,40,6,52
13.02.2016,700,168,222,54,6,56
12.02.2016,685,297,212,64,3,87
11.02.2016,655,286,161,74,0,92
10.02.2016,598,290,150,99,9,122
09.02.2016,684,332,177,58,7,61
08.02.2016,682,283,206,72,6,94
07.02.2016,753,134,326,65,6,82
06.02.2016,708,177,284,55,9,60
05.02.2016,860,285,357,68,6,81
04.02.2016,539,259,140,76,6,105
03.02.2016,667,358,157,55,4,58
02.02.2016,668,295,158,56,4,63
01.02.2016,571,278,166,71,5,81
31.01.2016,609,144,225,46,6,59
30.01.2016,637,168,226,70,6,72
29.01.2016,554,299,138,100,5,109
28.01.2016,704,345,164,58,3,72
27.01.2016,584,273,123,66,7,74
26.01.2016,574,281,143,70,9,76
25.01.2016,540,231,158,71,4,97
24.01.2016,577,133,186,34,3,41
23.01.2016,487,148,157,58,5,71
22.01.2016,573,266,129,60,3,81
21.01.2016,553,298,113,69,4,71
20.01.2016,499,289,99,60,1,81
19.01.2016,503,318,97,32,2,38
18.01.2016,547,241,127,56,5,59
17.01.2016,499,148,195,27,2,34
16.01.2016,566,139,171,48,3,59
15.01.2016,530,263,148,88,4,110
14.01.2016,590,311,150,69,5,76
13.01.2016,549,281,118,84,4,92
12.01.2016,543,253,129,116,5,131
11.01.2016,468,233,121,84,6,108
10.01.2016,572,178,180,51,4,69
09.01.2016,580,165,191,84,8,108
08.01.2016,554,234,145,107,11,121
07.01.2016,493,266,129,47,5,54
06.01.2016,351,165,110,32,3,43
05.01.2016,395,274,96,59,7,71
04.01.2016,317,235,78,31,3,44
03.01.2016,352,117,106,22,2,24
02.01.2016,345,123,129,30,3,37
01.01.2016,764,118,285,40,11,38
31.12.2015,374,178,117,46,6,53
30.12.2015,491,265,139,56,3,60
29.12.2015,507,307,149,67,8,82
28.12.2015,569,263,222,72,7,81
27.12.2015,573,131,207,66,10,75
26.12.2015,466,80,203,52,9,66
25.12.2015,380,80,153,39,1,74
24.12.2015,516,170,210,72,4,95
23.12.2015,653,256,207,109,12,123
22.12.2015,583,266,183,133,12,146
21.12.2015,598,223,234,129,17,137
20.12.2015,702,129,258,72,5,101
19.12.2015,706,167,272,96,9,112
18.12.2015,604,249,177,169,13,179
17.12.2015,548,246,166,128,14,136
16.12.2015,574,247,156,97,7,104
15.12.2015,558,259,164,98,10,99
14.12.2015,552,243,190,97,8,105
13.12.2015,606,120,233,73,10,86
12.12.2015,663,139,232,92,16,107
11.12.2015,569,276,172,124,11,147
10.12.2015,620,272,175,120,10,123
09.12.2015,573,249,166,96,10,101
08.12.2015,666,278,200,83,10,84
03.12.2015,632,300,182,89,4,98
02.12.2015,642,292,190,128,10,144
01.12.2015,580,285,168,95,7,107
30.11.2015,550,234,233,106,17,108
29.11.2015,775,144,351,65,6,68
28.11.2015,930,141,472,84,11,96
27.11.2015,496,213,157,86,9,93
26.11.2015,565,263,144,68,5,80
25.11.2015,517,243,130,73,4,83
24.11.2015,540,249,124,75,1,91
23.11.2015,566,242,188,83,7,106
22.11.2015,664,138,268,55,5,73
21.11.2015,710,169,271,95,14,101
20.11.2015,589,258,175,125,9,139
19.11.2015,622,249,157,110,5,118
18.11.2015,572,251,137,101,6,106
17.11.2015,518,250,142,109,7,128
16.11.2015,580,244,213,124,11,142
15.11.2015,642,133,266,81,5,98
14.11.2015,682,142,257,67,10,67
13.11.2015,635,275,242,88,7,109
12.11.2015,738,271,246,73,4,95
11.11.2015,771,161,300,76,5,88
10.11.2015,638,247,177,123,10,147
09.11.2015,602,234,219,91,13,133
08.11.2015,764,124,305,66,6,85
07.11.2015,702,137,281,99,5,150
06.11.2015,643,264,196,81,6,89
05.11.2015,581,266,161,61,2,67
04.11.2015,606,278,175,69,5,86
03.11.2015,549,236,182,79,10,83
02.11.2015,609,284,209,69,6,75
01.11.2015,623,145,270,56,8,71
31.10.2015,729,185,310,85,12,102
30.10.2015,654,267,234,84,10,92
29.10.2015,594,291,176,82,6,91
28.10.2015,575,234,177,78,4,95
27.10.2015,618,218,185,93,5,105
26.10.2015,943,174,372,77,4,109
26.10.2015,621,228,223,77,9,93
24.10.2015,811,153,347,73,12,94
23.10.2015,633,264,203,86,7,99
22.10.2015,644,261,214,97,5,112
21.10.2015,618,262,199,83,12,89
20.10.2015,618,237,190,69,8,66
19.10.2015,742,238,241,99,1,137
18.10.2015,788,114,333,75,9,101
17.10.2015,804,155,337,97,9,119
16.10.2015,699,259,197,97,15,127
15.10.2015,617,251,186,92,3,109
14.10.2015,634,280,184,85,4,100
13.10.2015,547,246,170,98,9,115
12.10.2015,613,194,239,92,6,121
11.10.2015,700,140,312,57,6,81
10.10.2015,700,142,289,85,6,111
09.10.2015,697,214,249,95,8,115
08.10.2015,575,255,172,85,8,93
07.10.2015,665,278,178,91,6,107
06.10.2015,667,249,209,86,8,92
05.10.2015,754,229,303,99,4,136
04.10.2015,791,137,350,99,13,124
03.10.2015,755,148,323,105,9,125
02.10.2015,699,221,250,97,8,105
01.10.2015,650,252,222,113,8,121
30.09.2015,558,269,174,83,11,101
29.09.2015,591,257,178,86,4,96
28.09.2015,661,207,244,87,10,98
27.09.2015,1010,131,610,73,11,87
26.09.2015,640,132,250,118,10,151
25.09.2015,673,241,240,88,12,91
24.09.2015,632,267,200,74,6,81
23.09.2015,653,256,217,72,2,78
22.09.2015,612,263,191,101,5,110
21.09.2015,805,267,344,91,4,104
20.09.2015,827,126,375,80,13,104
19.09.2015,742,144,295,113,14,130
18.09.2015,669,270,257,131,10,145
17.09.2015,693,288,248,90,4,105
16.09.2015,692,248,252,105,9,129
15.09.2015,693,247,221,101,5,105
14.09.2015,669,210,268,83,9,95
13.09.2015,833,158,348,86,6,100
12.09.2015,814,153,373,102,10,115
11.09.2015,692,249,237,101,12,106
10.09.2015,658,266,208,96,9,108
09.09.2015,644,238,203,74,4,87
08.09.2015,491,215,129,84,4,100
07.09.2015,554,180,203,82,4,97
06.09.2015,799,173,348,81,8,110
05.09.2015,729,160,321,84,4,107
04.09.2015,629,271,216,116,9,168
03.09.2015,625,302,220,77,2,86
02.09.2015,642,266,211,78,8,87
01.09.2015,654,264,273,83,6,104
31.08.2015,676,232,279,106,8,138
30.08.2015,863,138,438,98,11,122
29.08.2015,844,136,409,97,4,116
28.08.2015,709,238,283,98,5,120
27.08.2015,635,235,206,95,10,99
26.08.2015,624,267,214,84,4,125
25.08.2015,643,254,244,90,6,121
24.08.2015,624,187,268,112,8,149
23.08.2015,799,123,373,81,6,92
22.08.2015,702,150,280,89,11,98
21.08.2015,590,216,241,102,7,114
20.08.2015,650,249,226,106,11,122
19.08.2015,586,252,176,84,5,111
18.08.2015,625,224,216,94,9,111
17.08.2015,759,206,359,95,6,112
16.08.2015,794,789,396,89,6,124
15.08.2015,807,155,432,95,9,124
14.08.2015,721,218,305,109,6,122
13.08.2015,701,211,268,108,2,140
12.08.2015,738,220,242,110,10,132
11.08.2015,636,227,260,89,6,112
10.08.2015,729,212,339,101,8,127
09.08.2015,816,125,390,91,5,132
08.08.2015,720,151,369,106,7,137
07.08.2015,634,197,273,96,8,99
06.08.2015,634,248,240,101,8,115
05.08.2015,658,228,241,90,9,103
04.08.2015,546,190,205,96,7,115
03.08.2015,732,199,330,103,12,118
02.08.2015,807,130,403,72,8,118
01.08.2015,722,146,286,111,7,143
31.07.2015,564,252,223,96,8,119
30.07.2015,620,260,218,67,5,73
29.07.2015,672,246,249,66,6,84
28.07.2015,595,201,195,92,11,101
27.07.2015,884,197,403,84,9,97
26.07.2015,755,108,327,74,5,92
25.07.2015,796,162,364,107,8,130
24.07.2015,650,196,248,81,7,88
23.07.2015,698,246,234,67,14,117
22.07.2015,689,225,233,79,12,95
21.07.2015,657,220,258,87,9,101
20.07.2015,645,195,263,89,4,107
19.07.2015,877,133,389,81,10,123
18.07.2015,829,160,404,91,3,110
17.07.2015,643,222,257,100,7,123
16.07.2015,745,257,259,86,3,107
15.07.2015,673,245,235,80,6,89
14.07.2015,633,244,244,88,6,111
13.07.2015,710,235,319,81,10,103
12.07.2015,882,143,403,83,17,122
11.07.2015,797,143,353,90,9,124
10.07.2015,658,251,222,83,5,99
09.07.2015,714,248,237,86,6,116
08.07.2015,714,225,238,121,5,154
07.07.2015,688,266,230,99,6,107
06.07.2015,739,188,332,98,7,123
05.07.2015,767,126,376,96,8,141
04.07.2015,755,139,372,113,10,133
03.07.2015,684,217,292,105,6,116
02.07.2015,678,247,256,113,7,133
01.07.2015,662,222,223,91,5,98
30.06.2015,671,268,254,82,3,95
29.06.2015,786,232,342,96,8,112
28.06.2015,946,137,420,75,7,110
27.06.2015,797,156,370,77,5,99
26.06.2015,633,278,235,110,5,136
25.06.2015,679,290,199,71,6,74
24.06.2015,572,257,186,78,6,86
23.06.2015,711,250,179,85,5,108
22.06.2015,733,231,280,102,8,139
21.06.2015,773,151,369,78,9,117
20.06.2015,726,136,327,89,7,120
19.06.2015,682,234,232,94,5,108
18.06.2015,643,279,215,80,6,105
17.06.2015,635,294,213,98,7,103
16.06.2015,690,275,232,113,7,141
15.06.2015,708,256,266,83,3,100
14.06.2015,898,136,418,93,18,135
13.06.2015,786,134,364,106,10,131
12.06.2015,619,283,228,108,6,182
11.06.2015,791,343,288,88,6,88
10.06.2015,708,287,209,79,3,100
09.06.2015,632,309,223,83,4,101
08.06.2015,691,233,243,83,0,113
07.06.2015,975,144,527,89,16,100
06.06.2015,710,134,317,74,5,95
05.06.2015,620,231,240,117,10,148
04.06.2015,749,144,328,69,9,86
03.06.2015,652,233,207,95,6,104
02.06.2015,644,253,201,75,4,76
01.06.2015,619,250,224,86,2,103
31.05.2015,712,168,322,77,7,105
30.05.2015,672,127,284,69,4,76
29.05.2015,545,215,193,94,6,100
28.05.2015,719,225,210,62,5,75
27.05.2015,564,280,165,64,2,69
26.05.2015,565,236,174,84,7,92
25.05.2015,591,213,215,88,5,103
24.05.2015,773,155,338,64,6,86
23.05.2015,782,162,315,61,2,86
22.05.2015,593,230,181,77,4,93
21.05.2015,543,257,158,76,6,89
20.05.2015,569,250,152,70,6,81
19.05.2015,600,257,176,86,5,97
18.05.2015,559,230,194,81,7,103
17.05.2015,679,151,314,72,7,91
16.05.2015,681,155,321,93,5,101
15.05.2015,532,255,202,103,10,125
14.05.2015,568,276,197,100,5,118
13.05.2015,651,237,250,94,4,102
12.05.2015,598,214,231,104,2,118
11.05.2015,632,237,283,78,6,79
10.05.2015,821,226,403,85,4,121
09.05.2015,658,139,316,85,7,99
08.05.2015,667,237,285,103,10,113
07.05.2015,792,221,371,84,4,112
06.05.2015,499,266,168,88,5,109
05.05.2015,561,212,183,89,9,89
04.05.2015,648,191,276,84,12,97
03.05.2015,724,118,384,72,8,89
02.05.2015,619,152,300,78,4,101
01.05.2015,681,169,330,67,10,95
30.04.2015,581,248,219,93,8,123
29.04.2015,551,277,176,71,5,79
28.04.2015,588,299,191,99,6,128
27.04.2015,834,231,389,111,5,124
26.04.2015,786,147,344,79,8,98
25.04.2015,697,133,317,100,8,126
24.04.2015,684,255,254,99,6,117
23.04.2015,617,269,215,86,5,97
22.04.2015,663,285,218,88,3,101
21.04.2015,647,290,239,82,5,98
16.04.2015,721,283,227,61,2,69
15.04.2015,695,274,223,57,8,70
14.04.2015,558,311,191,65,1,79
13.04.2015,703,262,268,84,5,100
12.04.2015,802,160,355,84,4,96
11.04.2015,851,162,401,95,7,118
10.04.2015,809,265,300,87,7,93
09.04.2015,664,262,223,73,8,84
08.04.2015,593,276,186,55,1,66
07.04.2015,722,263,301,44,3,50
06.04.2015,604,87,312,32,7,45
05.04.2015,540,121,233,35,5,56
04.04.2015,730,175,312,60,6,68
03.04.2015,711,324,261,90,5,122
02.04.2015,622,269,194,79,5,96
01.04.2015,585,234,170,96,15,117
31.03.2015,592,267,174,76,3,101
30.03.2015,590,221,223,90,9,107
29.03.2015,667,140,276,51,7,65
28.03.2015,649,168,289,73,8,85
27.03.2015,669,282,242,97,8,118
26.03.2015,736,303,235,79,7,89
25.03.2015,692,314,244,80,9,90
24.03.2015,697,298,226,69,7,76
23.03.2015,655,272,255,84,7,100
22.03.2015,685,139,287,37,3,50
21.03.2015,785,173,314,72,8,88
20.03.2015,749,293,239,79,6,93
19.03.2015,771,286,251,73,3,105
18.03.2015,709,290,214,73,3,79
17.03.2015,714,272,220,61,8,68
16.03.2015,813,265,356,63,5,72
15.03.2015,787,144,377,70,8,91
14.03.2015,716,148,290,90,9,102
13.03.2015,728,293,247,89,7,98
12.03.2015,827,303,269,58,4,75
11.03.2015,705,305,219,70,4,81
10.03.2015,732,407,255,69,9,67
09.03.2015,892,259,377,70,5,83
08.03.2015,743,139,326,65,13,87
07.03.2015,792,174,350,68,8,88
06.03.2015,680,302,229,61,2,83
05.03.2015,729,301,225,63,5,72
04.03.2015,676,271,194,80,6,90
03.03.2015,614,293,181,73,5,87
02.03.2015,582,236,226,86,12,97
01.03.2015,676,155,285,40,8,50
28.02.2015,795,186,355,62,4,75
27.02.2015,1017,341,448,64,7,65
26.02.2015,720,348,226,79,6,89
25.02.2015,656,301,213,59,5,63
24.02.2015,687,338,189,64,5,76
23.02.2015,677,260,265,68,11,71
22.02.2015,691,142,301,60,6,69
21.02.2015,1689,158,272,67,6,76
20.02.2015,672,286,214,82,7,104
19.02.2015,604,303,157,63,5,77
18.02.2015,708,330,242,64,7,78
17.02.2015,596,275,195,50,4,56
16.02.2015,575,249,204,51,6,56
15.02.2015,672,170,298,42,9,55
14.02.2015,678,172,280,85,7,109
13.02.2015,720,282,213,102,6,129
12.02.2015,647,286,194,67,3,78
11.02.2015,676,294,220,57,8,66
10.02.2015,612,322,165,59,5,67
09.02.2015,505,240,168,87,4,102
08.02.2015,553,144,223,61,5,97
07.02.2015,650,146,276,57,7,73
06.02.2015,595,269,196,61,6,69
05.02.2015,608,282,165,63,3,77
04.02.2015,628,300,168,53,3,64
03.02.2015,626,254,153,80,5,101
02.02.2015,579,260,194,59,2,73
01.02.2015,688,155,268,47,8,66
31.01.2015,657,170,243,61,4,86
30.01.2015,609,307,165,95,10,103
29.01.2015,600,315,187,67,5,79
28.01.2015,622,281,163,71,4,86
27.01.2015,557,362,151,72,6,87
26.01.2015,628,261,231,55,5,63
25.01.2015,586,133,254,59,8,86
24.01.2015,705,181,259,61,6,85
23.01.2015,659,317,209,73,2,84
22.01.2015,663,341,191,73,5,77
21.01.2015,608,343,195,73,7,76
20.01.2015,580,318,174,51,2,53
19.01.2015,580,289,199,68,7,75
18.01.2015,723,147,300,49,8,56
17.01.2015,786,191,307,67,11,78
16.01.2015,639,334,202,82,4,113
15.01.2015,705,296,208,87,9,96
14.01.2015,1336,302,209,71,8,72
13.01.2015,576,330,162,94,5,102
12.01.2015,571,277,192,81,7,96
11.01.2015,669,171,261,50,6,57
10.01.2015,573,148,232,83,7,91
09.01.2015,483,246,149,106,10,117
08.01.2015,482,287,116,73,3,75
07.01.2015,452,272,134,63,5,71
06.01.2015,428,167,159,38,3,41
05.01.2015,417,190,123,67,1,85
04.01.2015,516,139,175,46,4,57
03.01.2015,494,158,201,53,4,66
02.01.2015,463,231,171,54,6,63
01.01.2015,880,108,379,42,4,47
31.12.2014,345,144,125,65,3,72
30.12.2014,379,276,107,53,7,64
29.12.2014,402,305,134,47,4,56
28.12.2014,444,135,186,35,1,50
27.12.2014,408,143,163,39,4,55
26.12.2014,452,89,219,68,4,110
25.12.2014,410,97,186,48,8,68
24.12.2014,416,184,179,113,18,123
23.12.2014,554,328,203,206,16,229
22.12.2014,530,295,184,171,6,195
21.12.2014,653,170,270,106,9,126
20.12.2014,713,171,285,132,14,156
19.12.2014,599,290,208,186,17,199
18.12.2014,584,301,178,126,10,145
17.12.2014,561,273,170,114,8,124
16.12.2014,630,297,185,109,10,116
15.12.2014,604,278,196,107,10,118
14.12.2014,734,139,287,78,3,94
13.12.2014,725,161,290,79,4,90
12.12.2014,636,295,191,152,14,177
11.12.2014,644,315,188,87,7,110
10.12.2014,582,304,166,100,8,113
09.12.2014,596,323,161,107,6,128
08.12.2014,852,260,419,91,8,108
07.12.2014,683,167,277,63,10,82
06.12.2014,655,149,270,91,8,125
05.12.2014,605,305,207,94,10,103
04.12.2014,571,299,182,93,11,105
03.12.2014,527,278,167,70,9,81
02.12.2014,537,272,154,66,6,79
01.12.2014,573,216,250,70,5,82
30.11.2014,853,157,403,52,8,48
29.11.2014,884,141,444,47,8,61
27.11.2014,540,286,157,62,3,72
28.11.2014,587,235,213,72,10,75
26.11.2014,627,270,197,72,12,89
25.11.2014,566,289,175,118,9,128
24.11.2014,530,249,201,76,11,90
23.11.2014,700,118,310,63,11,91
22.11.2014,685,149,269,51,7,71
21.11.2014,624,299,206,99,10,103
20.11.2014,598,284,183,110,9,130
19.11.2014,547,293,173,88,7,93
18.11.2014,472,285,177,93,8,95
17.11.2014,586,233,191,90,9,98
16.11.2014,851,165,362,56,6,70
15.11.2014,766,172,332,68,7,86
14.11.2014,948,298,225,73,7,73
13.11.2014,597,246,189,69,5,71
12.11.2014,765,209,279,79,10,91
11.11.2014,797,177,343,59,8,74
10.11.2014,667,268,259,82,7,89
09.11.2014,838,127,371,73,10,97
08.11.2014,767,147,339,104,13,135
07.11.2014,729,245,255,130,16,155
06.11.2014,653,257,255,83,5,100
05.11.2014,672,255,221,94,3,113
04.11.2014,541,267,186,91,2,111
03.11.2014,708,239,280,75,5,87
02.11.2014,766,175,356,50,5,57
01.11.2014,660,195,310,75,7,117
31.10.2014,606,314,242,71,8,75
30.10.2014,670,315,238,81,7,83
29.10.2014,617,280,197,93,9,98
28.10.2014,622,281,203,107,11,125
27.10.2014,671,215,273,73,5,87
26.10.2014,796,144,354,61,8,86
25.10.2014,717,146,319,75,5,93
24.10.2014,673,256,226,78,5,90
23.10.2014,609,291,207,102,6,112
22.10.2014,632,310,196,95,7,100
21.10.2014,732,263,233,90,8,106
20.10.2014,832,251,353,119,10,139
19.10.2014,881,170,437,90,18,117
18.10.2014,843,173,363,80,16,88
17.10.2014,796,261,309,99,8,115
16.10.2014,763,313,254,108,8,125
15.10.2014,788,289,271,114,8,148
14.10.2014,766,264,288,123,12,164
13.10.2014,825,256,356,73,8,76
12.10.2014,978,154,491,82,10,92
11.10.2014,911,148,445,111,14,118
10.10.2014,902,267,308,125,11,134
09.10.2014,750,294,254,111,16,104
08.10.2014,665,313,244,84,6,94
07.10.2014,651,278,225,78,7,88
06.10.2014,756,241,289,81,9,97
01.10.2014,694,241,251,103,8,114
30.09.2014,645,287,207,90,4,100
29.09.2014,740,262,289,94,5,111
28.09.2014,1178,155,646,87,6,105
27.09.2014,747,148,330,116,10,138
26.09.2014,678,237,264,125,7,150
25.09.2014,605,297,190,70,8,80
24.09.2014,574,254,168,95,6,112
23.09.2014,560,308,158,87,5,101
22.09.2014,713,247,319,121,17,151
21.09.2014,757,135,383,81,12,134
20.09.2014,810,174,394,123,12,150
19.09.2014,682,275,314,93,5,115
18.09.2014,661,273,237,106,7,126
17.09.2014,726,274,255,115,7,132
16.09.2014,716,275,273,88,4,99
15.09.2014,837,252,428,102,8,123
14.09.2014,911,139,459,117,20,151
13.09.2014,822,150,397,91,17,108
12.09.2014,670,262,293,108,5,126
11.09.2014,754,282,254,89,4,104
10.09.2014,735,283,320,84,11,97
09.09.2014,661,290,269,108,6,123
08.09.2014,896,253,395,102,10,120
07.09.2014,995,158,525,116,18,146
06.09.2014,836,178,393,144,19,116
05.09.2014,721,276,320,148,9,168
04.09.2014,686,302,247,100,4,113
03.09.2014,658,291,229,93,5,99
02.09.2014,661,238,252,85,3,96
01.09.2014,728,218,306,114,10,152
31.08.2014,923,146,526,91,14,129
30.08.2014,768,149,388,112,7,141
29.08.2014,670,212,280,114,9,120
28.08.2014,623,253,228,107,14,109
27.08.2014,604,246,217,82,4,109
26.08.2014,610,229,223,118,11,148
25.08.2014,705,205,317,85,12,106
24.08.2014,796,153,422,78,9,103
23.08.2014,762,151,371,108,13,138
22.08.2014,702,217,252,87,8,104
21.08.2014,629,259,224,85,7,103
20.08.2014,621,229,226,76,6,83
19.08.2014,494,202,205,90,6,116
18.08.2014,814,206,562,84,6,105
17.08.2014,778,125,359,73,6,102
16.08.2014,799,132,402,96,9,124
15.08.2014,770,133,392,87,5,107
14.08.2014,647,214,284,92,12,108
13.08.2014,706,253,239,85,7,99
12.08.2014,599,232,234,100,8,129
11.08.2014,719,199,337,110,10,131
10.08.2014,1088,130,517,75,7,88
09.08.2014,876,168,432,99,11,123
08.08.2014,681,209,306,113,4,137
07.08.2014,696,212,269,68,2,80
06.08.2014,676,267,227,104,0,133
05.08.2014,633,316,221,87,7,94
04.08.2014,653,211,318,112,11,150
03.08.2014,954,134,458,122,13,175
02.08.2014,865,134,433,90,5,122
01.08.2014,658,194,281,82,4,102
31.07.2014,718,239,256,90,7,105
30.07.2014,786,270,310,86,7,93
29.07.2014,720,222,282,92,7,110
28.07.2014,957,236,450,120,10,158
27.07.2014,1077,126,560,99,12,129
26.07.2014,932,155,459,114,10,153
25.07.2014,617,210,276,107,8,126
24.07.2014,656,237,252,112,6,149
23.07.2014,633,235,233,106,11,119
22.07.2014,670,230,285,92,4,106
21.07.2014,471,198,352,99,12,123
20.07.2014,961,140,498,108,8,187
19.07.2014,817,136,416,105,7,131
18.07.2014,712,229,318,92,3,115
17.07.2014,783,266,344,93,7,125
16.07.2014,743,239,326,101,7,122
15.07.2014,721,228,289,94,7,124
14.07.2014,870,175,424,104,9,114
13.07.2014,1652,147,495,99,8,134
12.07.2014,815,172,369,96,10,135
11.07.2014,790,218,313,98,4,118
10.07.2014,713,261,259,77,7,92
09.07.2014,724,234,296,88,8,104
08.07.2014,729,306,293,94,8,100
07.07.2014,819,194,356,115,11,142
06.07.2014,1082,126,605,102,11,145
05.07.2014,907,145,464,110,3,119
04.07.2014,806,244,377,105,2,120
03.07.2014,739,249,284,106,6,129
02.07.2014,697,260,281,96,4,120
01.07.2014,695,223,259,91,9,122
30.06.2014,645,200,275,113,7,139
29.06.2014,937,125,533,88,12,106
28.06.2014,843,157,471,105,10,144
27.06.2014,654,249,265,135,9,167
26.06.2014,646,256,218,91,8,105
25.06.2014,646,254,234,99,7,114
24.06.2014,662,240,240,99,5,109
23.06.2014,741,221,352,96,4,113
22.06.2014,817,139,399,94,10,135
21.06.2014,738,128,384,68,10,74
20.06.2014,801,203,357,87,10,114
19.06.2014,671,150,342,83,11,100
18.06.2014,746,245,319,133,5,154
17.06.2014,626,256,216,96,7,107
16.06.2014,690,245,305,93,7,115
15.06.2014,943,146,480,60,6,81
14.06.2014,760,263,329,101,6,101
13.06.2014,707,257,295,121,9,148
12.06.2014,772,263,329,101,6,101
11.06.2014,690,277,283,125,6,142
10.06.2014,705,247,259,106,6,119
09.06.2014,893,234,414,108,9,129
08.06.2014,993,130,572,124,13,159
07.06.2014,890,154,431,114,17,137
06.06.2014,1063,284,531,110,3,133
05.06.2014,746,240,269,102,11,125
04.06.2014,648,275,218,79,3,99
03.06.2014,673,313,250,73,7,81
02.06.2014,720,220,306,92,6,108
01.06.2014,806,131,394,87,8,110
31.05.2014,698,130,317,85,11,112
30.05.2014,574,237,181,92,9,97
29.05.2014,677,255,212,95,5,115
28.05.2014,607,262,217,94,5,115
27.05.2014,657,248,218,93,8,129
26.05.2014,733,236,278,120,7,143
25.05.2014,977,148,497,88,12,107
24.05.2014,824,175,399,120,8,150
23.05.2014,656,230,268,128,12,139
22.05.2014,713,245,247,110,5,137
21.05.2014,673,251,224,99,5,116
20.05.2014,707,282,253,109,6,112
19.05.2014,723,210,317,90,10,101
18.05.2014,876,106,429,64,11,93
17.05.2014,755,117,364,81,7,109
16.05.2014,631,251,256,98,10,124
15.05.2014,627,276,215,56,2,73
14.05.2014,665,283,247,103,6,123
13.05.2014,698,259,253,81,9,75
12.05.2014,714,201,293,96,7,127
11.05.2014,772,139,380,86,11,121
10.05.2014,802,147,370,80,5,89
09.05.2014,679,228,254,119,4,134
08.05.2014,973,227,462,92,3,110
07.05.2014,621,240,221,84,2,100
06.05.2014,627,259,199,79,4,90
05.05.2014,589,184,248,82,5,94
04.05.2014,618,113,272,61,13,72
03.05.2014,621,113,259,61,5,79
02.05.2014,772,177,401,60,7,64
01.05.2014,716,126,372,83,6,120
30.04.2014,611,225,235,104,5,122
29.04.2014,629,248,220,87,3,92
28.04.2014,745,216,272,83,7,94
27.04.2014,846,142,365,70,9,85
26.04.2014,750,139,309,86,7,110
25.04.2014,668,253,233,76,4,83
24.04.2014,681,245,223,82,9,83
23.04.2014,608,254,218,74,6,81
22.04.2014,898,247,413,85,7,101
21.04.2014,698,124,325,60,4,102
20.04.2014,614,96,282,45,4,55
19.04.2014,759,155,364,89,13,118
18.04.2014,907,322,353,99,12,106
17.04.2014,726,249,251,92,7,102
16.04.2014,658,248,203,72,5,76
14.04.2014,681,231,277,84,8,103
13.04.2014,804,111,342,57,16,73
12.04.2014,849,146,345,87,11,116
11.04.2014,790,254,297,74,8,89
10.04.2014,609,257,210,82,2,98
09.04.2014,678,227,206,83,8,91
08.04.2014,738,284,281,112,5,127
07.04.2014,849,222,356,77,6,106
06.04.2014,802,144,368,58,6,76
05.04.2014,744,139,313,80,8,102
04.04.2014,727,243,263,95,8,108
03.04.2014,784,269,242,100,4,123
02.04.2014,609,265,210,79,1,86
01.04.2014,691,276,214,70,4,86
31.03.2014,669,239,281,75,7,78
30.03.2014,738,146,334,103,8,124
29.03.2014,760,135,336,75,8,84
28.03.2014,667,293,215,76,9,83
27.03.2014,638,243,176,85,6,95
26.03.2014,639,300,167,71,5,81
25.03.2014,545,275,130,62,4,87
24.03.2014,714,235,270,97,8,119
23.03.2014,777,127,346,69,8,97
22.03.2014,867,151,369,88,8,104
21.03.2014,819,275,276,108,4,127
20.03.2014,837,290,258,60,4,66
19.03.2014,668,271,189,75,6,88
18.03.2014,744,268,243,66,7,76
17.03.2014,596,248,200,59,5,75
16.03.2014,647,127,267,81,6,112
15.03.2014,744,132,310,92,7,124
14.03.2014,749,260,233,89,7,95
13.03.2014,803,291,256,81,2,96
12.03.2014,705,280,218,70,4,94
11.03.2014,712,287,218,78,5,88
10.03.2014,761,270,297,89,4,106
09.03.2014,853,151,401,62,8,87
08.03.2014,947,156,432,57,5,64
07.03.2014,692,264,228,52,4,57
06.03.2014,614,300,166,46,4,49
05.03.2014,779,277,223,50,6,49
04.03.2014,662,295,218,51,5,50
03.03.2014,735,228,244,53,7,65
02.03.2014,822,153,378,54,9,68
01.03.2014,822,134,352,64,10,71
28.02.2014,900,268,396,62,7,64
27.02.2014,690,294,185,51,7,54
26.02.2014,648,282,186,64,7,64
25.02.2014,607,256,180,59,9,63
24.02.2014,709,227,272,82,8,85
23.02.2014,706,134,302,62,9,82
22.02.2014,739,145,288,58,4,64
21.02.2014,799,260,415,75,3,94
20.02.2014,659,284,203,62,7,77
19.02.2014,693,274,181,49,4,52
18.02.2014,653,267,184,75,8,81
17.02.2014,720,258,254,84,8,97
16.02.2014,710,119,280,47,4,62
15.02.2014,812,150,344,80,6,103
14.02.2014,591,226,159,85,3,103
13.02.2014,702,287,163,84,3,106
12.02.2014,679,291,168,78,12,104
11.02.2014,683,279,184,98,14,131
10.02.2014,711,241,268,85,6,89
09.02.2014,789,140,290,59,6,75
08.02.2014,811,170,302,79,4,99
07.02.2014,759,254,225,70,6,80
06.02.2014,703,307,195,66,7,91
05.02.2014,626,297,161,82,4,93
04.02.2014,606,268,161,65,6,85
03.02.2014,595,249,220,60,5,68
02.02.2014,673,120,266,38,3,51
01.02.2014,593,169,216,42,8,51
31.01.2014,453,277,119,64,4,75
30.01.2014,578,295,128,56,5,73
29.01.2014,479,269,109,45,3,49
28.01.2014,479,269,109,45,3,49
27.01.2014,530,231,168,57,4,77
26.01.2014,454,108,163,36,3,46
25.01.2014,496,149,171,54,2,74
24.01.2014,435,226,107,64,5,73
22.01.2014,514,288,121,45,2,53
21.01.2014,515,289,101,54,5,62
20.01.2014,498,235,143,85,12,97
19.01.2014,1322,124,242,58,3,92
18.01.2014,644,156,236,67,6,81
17.01.2014,670,240,183,76,7,87
16.01.2014,646,311,165,54,3,64
15.01.2014,638,267,167,71,2,82
14.01.2014,679,262,162,53,5,58
13.01.2014,642,224,208,90,5,104
12.01.2014,728,174,253,46,10,53
11.01.2014,735,136,287,47,8,58
10.01.2014,631,282,167,76,6,83
09.01.2014,702,288,165,78,5,80
08.01.2014,587,257,135,69,8,78
07.01.2014,543,272,186,73,2,78
06.01.2014,517,122,196,29,7,37
05.01.2014,574,131,250,51,3,74
04.01.2014,536,152,165,68,7,93
03.01.2014,526,273,125,93,8,112
02.01.2014,504,230,182,67,9,85
01.01.2014,888,123,421,70,13,88
31.12.2013,406,141,147,102,9,127
30.12.2013,561,201,179,90,9,114
29.12.2013,562,109,218,37,0,54
28.12.2013,550,151,203,85,12,112
27.12.2013,540,313,194,77,9,96
26.12.2013,482,98,246,36,4,48
25.12.2013,342,80,161,35,3,41
24.12.2013,399,160,160,83,10,85
23.12.2013,574,271,214,131,10,147
22.12.2013,671,156,259,93,10,119
21.12.2013,667,144,286,133,17,158
20.12.2013,563,228,201,136,10,156
19.12.2013,526,260,167,104,7,119
18.12.2013,510,213,157,87,9,101
17.12.2013,488,247,161,124,6,150
16.12.2013,615,223,215,123,12,139
15.12.2013,686,134,290,72,9,84
14.12.2013,641,121,262,86,10,98
13.12.2013,606,209,182,97,7,118
12.12.2013,645,255,193,84,11,93
11.12.2013,571,210,161,90,8,98
10.12.2013,532,243,170,91,3,96
09.12.2013,717,200,338,112,7,123
08.12.2013,524,117,213,34,1,39
07.12.2013,470,113,163,75,4,104
06.12.2013,412,184,137,118,5,183
05.12.2013,557,214,160,104,12,111
04.12.2013,530,239,167,81,5,97
03.12.2013,491,284,140,79,5,95
02.12.2013,539,232,201,108,11,128
01.12.2013,972,123,481,91,16,110
30.11.2013,829,123,374,112,16,129
29.11.2013,699,211,194,119,6,132
28.11.2013,483,195,140,105,9,124
27.11.2013,481,198,137,87,11,101
26.11.2013,479,192,147,101,7,119
25.11.2013,504,215,191,113,12,114
24.11.2013,705,126,301,85,12,103
23.11.2013,706,128,260,88,13,110
22.11.2013,627,233,233,104,8,126
21.11.2013,575,210,202,111,14,126
20.11.2013,564,236,170,107,7,121
19.11.2013,519,251,160,63,9,80
18.11.2013,664,183,265,87,11,92
17.11.2013,702,114,285,66,12,79
16.11.2013,672,125,297,68,9,84
15.11.2013,566,178,195,74,6,83
14.11.2013,514,198,188,76,8,93
13.11.2013,637,213,171,82,4,89
12.11.2013,638,194,215,65,12,62
11.11.2013,596,126,278,47,5,62
10.11.2013,754,115,335,82,4,112
09.11.2013,727,136,305,116,6,146
08.11.2013,678,214,307,102,10,113
07.11.2013,544,189,176,95,8,111
06.11.2013,601,203,180,105,4,124
05.11.2013,552,242,189,97,9,105
04.11.2013,665,202,280,85,3,96
03.11.2013,712,154,343,89,12,110
02.11.2013,723,130,366,72,7,88
01.11.2013,672,178,315,74,8,90
31.10.2013,678,296,274,103,11,122
30.10.2013,739,292,272,97,8,107
29.10.2013,774,247,319,103,5,111
28.10.2013,811,206,378,106,10,141
27.10.2013,994,137,505,83,9,105
26.10.2013,978,138,488,109,11,133
25.10.2013,836,253,379,111,7,126
24.10.2013,1148,291,440,129,12,153
23.10.2013,794,315,331,94,9,107
22.10.2013,868,276,384,117,12,122
21.10.2013,833,252,385,120,16,155
20.10.2013,958,134,540,99,16,113
19.10.2013,956,131,497,96,11,111
18.10.2013,748,236,361,111,11,132
17.10.2013,836,308,369,97,12,101
16.10.2013,828,312,372,118,10,137
15.10.2013,868,300,409,91,5,104
14.10.2013,974,246,485,114,12,144
13.10.2013,1073,152,566,129,19,166
12.10.2013,1024,164,567,94,12,121
11.10.2013,992,248,506,127,10,139
10.10.2013,929,286,420,81,6,88
09.10.2013,884,273,407,102,13,117
08.10.2013,860,286,406,96,9,102
07.10.2013,850,269,456,76,15,83
06.10.2013,981,143,516,103,11,148
05.10.2013,904,130,466,99,12,142
04.10.2013,711,236,306,118,13,126
03.10.2013,731,311,292,77,6,83
02.10.2013,804,256,362,75,8,95
01.10.2013,818,241,375,104,10,112
30.09.2013,693,228,344,109,11,136
29.09.2013,948,131,482,73,11,84
28.09.2013,964,135,510,109,8,134
27.09.2013,794,264,390,116,7,127
26.09.2013,784,242,306,111,6,128
25.09.2013,747,272,306,88,6,102
24.09.2013,809,264,383,111,7,132
23.09.2013,750,228,362,116,9,151
22.09.2013,976,155,547,79,19,105
21.09.2013,902,124,498,105,11,142
20.09.2013,711,234,336,108,8,115
19.09.2013,735,276,294,84,4,120
18.09.2013,700,295,280,109,7,124
17.09.2013,658,241,276,85,11,105
16.09.2013,734,231,379,101,7,139
15.09.2013,1120,129,645,107,13,144
14.09.2013,905,139,439,98,12,138
13.09.2013,772,238,349,122,8,137
12.09.2013,831,253,357,115,11,138
11.09.2013,824,261,393,108,11,139
10.09.2013,733,272,354,111,4,131
09.09.2013,906,215,505,146,8,184
08.09.2013,1035,127,611,112,13,134
07.09.2013,970,121,551,128,17,136
06.09.2013,758,234,358,130,8,153
05.09.2013,785,223,333,94,17,104
04.09.2013,751,292,312,94,7,134
03.09.2013,669,231,312,100,6,116
02.09.2013,706,211,342,88,11,103
01.09.2013,1142,141,691,96,14,113
31.08.2013,913,143,532,102,18,124
30.08.2013,812,209,442,112,14,127
29.08.2013,774,216,346,104,9,127
28.08.2013,822,278,420,92,3,111
27.08.2013,810,242,334,99,9,135
26.08.2013,766,215,386,117,7,143
25.08.2013,921,109,559,97,15,152
24.08.2013,972,124,533,112,8,145
23.08.2013,860,211,435,88,5,110
22.08.2013,811,228,368,89,9,96
21.08.2013,1829,237,386,70,8,83
20.08.2013,780,211,380,97,5,123
19.08.2013,936,182,513,102,4,142
18.08.2013,931,112,585,104,15,121
17.08.2013,863,120,530,94,7,116
15.08.2013,862,126,549,91,14,121
16.08.2013,890,156,506,103,6,129
14.08.2013,989,257,613,115,5,147
13.08.2013,764,249,387,105,14,136
12.08.2013,849,203,472,110,6,125
11.08.2013,1115,124,678,116,12,149
10.08.2013,887,138,515,120,14,167
09.08.2013,855,214,446,104,10,116
08.08.2013,959,228,518,89,6,106
07.08.2013,868,203,458,104,11,127
06.08.2013,845,233,423,112,6,129
05.08.2013,811,226,454,91,9,106
04.08.2013,1039,142,647,100,11,142
03.08.2013,997,130,590,128,27,148
02.08.2013,926,209,430,103,6,120
01.08.2013,840,189,414,97,11,113
31.07.2013,793,189,350,108,9,136
30.07.2013,814,230,400,91,5,114
29.07.2013,930,190,531,98,8,120
28.07.2013,1155,111,717,80,4,103
27.07.2013,1013,134,619,108,11,135
26.07.2013,874,207,446,128,9,146
25.07.2013,838,240,384,91,9,105
24.07.2013,802,268,419,91,6,106
23.07.2013,778,223,365,114,4,133
22.07.2013,930,207,548,116,9,149
21.07.2013,1162,141,730,124,14,159
20.07.2013,1079,120,646,91,5,134
19.07.2013,949,191,511,117,3,129
18.07.2013,941,239,496,93,7,100
17.07.2013,922,235,460,94,5,119
16.07.2013,858,232,431,94,5,114
15.07.2013,944,221,510,92,9,127
14.07.2013,1074,119,641,94,9,129
13.07.2013,896,136,490,88,10,138
12.07.2013,862,225,460,107,13,129
11.07.2013,939,252,495,95,4,131
10.07.2013,980,250,528,125,9,158
09.07.2013,941,266,495,103,8,118
08.07.2013,965,197,516,118,8,143
07.07.2013,1324,132,852,90,8,121
06.07.2013,1176,140,711,124,7,149
05.07.2013,1008,210,567,119,9,140
04.07.2013,959,256,507,119,17,128
03.07.2013,901,291,480,104,5,130
02.07.2013,916,242,475,98,6,114
01.07.2013,903,199,470,83,10,103
30.06.2013,1074,120,578,93,13,139
29.06.2013,923,130,561,121,8,146
28.06.2013,737,236,391,102,6,121
27.06.2013,737,272,301,84,9,108
26.06.2013,634,243,258,99,8,116
25.06.2013,732,235,318,113,8,144
24.06.2013,1033,219,591,96,6,110
23.06.2013,1145,127,644,99,15,153
22.06.2013,1080,147,637,107,8,142
21.06.2013,947,219,492,130,11,180
20.06.2013,870,226,417,112,10,125
19.06.2013,898,250,434,110,5,124
18.06.2013,916,251,417,99,8,118
17.06.2013,917,218,477,105,5,127
16.06.2013,1114,138,653,109,12,139
15.06.2013,1089,118,600,120,10,133
14.06.2013,959,261,459,103,6,115
13.06.2013,880,262,412,99,9,119
12.06.2013,1010,259,523,95,8,107
11.06.2013,869,243,403,100,8,128
10.06.2013,1577,211,449,96,9,104
09.06.2013,1113,123,646,87,15,99
08.06.2013,1109,126,611,97,4,124
07.06.2013,979,246,482,108,6,121
06.06.2013,1142,282,642,65,4,85
05.06.2013,848,220,368,68,4,82
04.06.2013,709,238,299,78,5,94
03.06.2013,781,207,354,95,6,107
02.06.2013,944,121,572,73,4,99
01.06.2013,882,116,448,86,8,117
31.05.2013,916,189,478,111,15,144
30.05.2013,816,140,455,62,16,82
29.05.2013,740,244,342,126,6,156
28.05.2013,635,246,245,86,5,114
27.05.2013,832,228,412,78,6,89
26.05.2013,859,120,465,54,5,77
25.05.2013,775,107,352,79,8,95
24.05.2013,743,219,310,93,7,123
23.05.2013,764,214,313,81,3,108
22.05.2013,717,248,290,90,4,95
21.05.2013,878,237,421,101,10,112
20.05.2013,848,210,406,126,12,155
19.05.2013,1018,111,613,116,11,148
18.05.2013,1012,109,608,113,6,134
17.05.2013,907,231,429,97,4,120
16.05.2013,871,239,429,121,10,131
15.05.2013,812,212,364,111,6,134
14.05.2013,773,268,351,94,2,109
13.05.2013,802,194,417,53,2,60
12.05.2013,957,126,511,81,7,119
11.05.2013,980,114,535,99,14,114
10.05.2013,888,226,423,124,8,142
09.05.2013,833,205,378,100,4,109
08.05.2013,711,245,326,89,11,91
07.05.2013,716,237,325,76,7,87
06.05.2013,807,183,407,77,4,81
05.05.2013,958,122,511,82,11,103
04.05.2013,801,107,452,65,6,89
03.05.2013,782,112,474,48,6,54
02.05.2013,916,178,498,73,7,101
01.05.2013,900,138,506,67,8,90
30.04.2013,748,241,360,72,12,84
29.04.2013,795,237,389,62,6,77
28.04.2013,817,116,426,74,5,96
27.04.2013,904,104,502,89,8,102
26.04.2013,855,265,427,110,8,153
25.04.2013,934,260,427,70,6,97
24.04.2013,766,237,367,79,7,87
23.04.2013,836,251,386,76,5,84
22.04.2013,833,256,448,93,6,120
21.04.2013,950,117,533,86,7,107
20.04.2013,986,137,524,68,11,81
19.04.2013,881,250,415,86,6,102
18.04.2013,893,279,387,76,3,95
17.04.2013,843,299,376,72,3,72
16.04.2013,835,254,367,78,4,90
15.04.2013,841,235,408,85,3,103
14.04.2013,979,123,527,72,5,87
13.04.2013,983,131,485,80,10,91
12.04.2013,799,245,337,62,5,68
11.04.2013,904,280,395,72,3,103
10.04.2013,824,251,329,48,4,56
09.04.2013,790,272,298,57,7,63
08.04.2013,725,276,309,50,5,65
07.04.2013,803,121,381,29,2,43
06.04.2013,743,116,344,48,6,63
05.04.2013,767,266,276,54,4,62
04.04.2013,673,301,201,52,5,60
03.04.2013,629,246,220,54,4,68
02.04.2013,767,268,348,46,9,60
01.04.2013,522,98,257,43,1,82
31.03.2013,496,87,230,50,7,86
30.03.2013,694,161,307,42,4,55
29.03.2013,669,282,279,70,5,91
28.03.2013,774,263,257,51,8,61
27.03.2013,742,258,239,63,7,68
26.03.2013,604,230,172,48,5,61
25.03.2013,708,241,262,51,6,60
24.03.2013,605,110,243,23,3,23
23.03.2013,599,116,281,43,1,59
22.03.2013,655,231,225,78,7,98
21.03.2013,814,263,230,63,4,69
20.03.2013,707,244,232,76,11,94
19.03.2013,571,298,185,87,8,135
18.03.2013,654,228,260,43,7,43
17.03.2013,698,140,322,44,7,52
16.03.2013,666,138,291,51,2,60
15.03.2013,646,246,216,57,1,75
14.03.2013,709,309,219,66,7,76
13.03.2013,654,267,207,58,6,78
12.03.2013,664,279,221,45,4,49
11.03.2013,608,228,272,70,5,8
10.03.2013,766,109,375,62,5,76
09.03.2013,1089,121,606,67,7,85
08.03.2013,779,225,344,87,6,117
07.03.2013,836,270,294,68,5,82
06.03.2013,900,291,335,75,2,93
05.03.2013,1155,279,296,74,3,90
04.03.2013,718,241,299,80,6,104
03.03.2013,704,119,331,42,8,55
02.03.2013,772,118,361,66,3,80
01.03.2013,777,254,274,84,6,89
28.02.2013,748,291,291,45,3,55
27.02.2013,851,296,289,47,11,38
26.02.2013,777,352,285,39,4,39
25.02.2013,727,260,295,55,1,64
24.02.2013,665,120,275,29,1,46
23.02.2013,677,165,268,77,8,95
22.02.2013,696,268,216,53,6,64
21.02.2013,735,283,198,52,5,55
20.02.2013,653,260,179,62,3,76
19.02.2013,647,282,200,96,5,124
18.02.2013,656,286,267,48,4,68
17.02.2013,730,127,328,39,10,45
16.02.2013,804,153,347,44,5,54
15.02.2013,808,279,295,60,4,75
14.02.2013,758,310,237,56,7,73
13.02.2013,647,270,215,62,1,79
12.02.2013,739,290,252,68,4,74
11.02.2013,710,225,295,45,1,58
10.02.2013,695,128,345,51,4,76
09.02.2013,853,173,369,59,10,65
08.02.2013,718,247,247,74,3,87
07.02.2013,742,287,259,87,8,105
06.02.2013,774,329,251,57,4,85
05.02.2013,660,277,212,85,8,107
04.02.2013,616,278,232,63,3,83
03.02.2013,676,113,328,48,7,73
02.02.2013,774,153,342,74,7,94
01.02.2013,714,291,233,65,8,75
31.01.2013,656,302,215,78,12,84
30.01.2013,680,297,235,61,6,76
29.01.2013,600,306,176,49,7,59
28.01.2013,517,252,173,59,9,77
27.01.2013,551,122,227,32,3,34
26.01.2013,636,135,248,37,3,43
25.01.2013,690,294,268,53,3,57
24.01.2013,601,294,147,59,9,65
23.01.2013,579,286,151,49,2,59
22.01.2013,487,373,127,53,6,58
21.01.2013,399,222,151,56,6,66
20.01.2013,564,103,256,25,0,28
19.01.2013,497,116,205,47,0,78
18.01.2013,587,241,187,63,4,70
17.01.2013,622,312,182,46,4,55
16.01.2013,604,320,175,60,4,69
15.01.2013,500,244,150,64,4,79
14.01.2013,500,250,159,78,4,94
13.01.2013,626,163,256,45,2,59
12.01.2013,658,143,269,65,4,77
11.01.2013,590,291,238,106,5,132
10.01.2013,619,316,213,93,9,104
09.01.2013,624,246,191,68,5,73
08.01.2013,588,323,183,66,9,80
07.01.2013,523,232,197,52,7,59
06.01.2013,549,117,271,49,5,65
05.01.2013,560,150,235,39,3,48
04.01.2013,505,285,173,79,8,89
03.01.2013,546,259,184,84,13,89
02.01.2013,511,245,231,65,8,73
01.01.2013,852,123,416,70,8,95
31.12.2012,379,144,162,99,9,130
30.12.2012,525,117,219,44,4,62
29.12.2012,504,143,185,53,8,65
28.12.2012,489,269,153,84,6,101
27.12.2012,577,233,249,113,10,143
26.12.2012,441,84,214,57,7,68
25.12.2012,286,66,143,34,3,43
24.12.2012,239,113,98,62,7,80
23.12.2012,532,149,219,44,6,59
22.12.2012,594,151,244,69,6,87
21.12.2012,495,209,178,91,9,101
20.12.2012,547,268,161,65,7,73
19.12.2012,558,264,166,76,7,85
18.12.2012,536,247,163,84,3,101
17.12.2012,479,244,172,95,5,119
16.12.2012,635,126,251,72,5,90
15.12.2012,674,127,305,93,14,106
14.12.2012,640,225,275,77,13,94
13.12.2012,525,217,164,89,3,111
12.12.2012,567,273,167,73,5,75
11.12.2012,493,256,140,92,4,108
10.12.2012,502,230,174,82,6,95
09.12.2012,581,95,255,37,5,54
08.12.2012,562,120,253,72,8,79
07.12.2012,498,234,162,116,8,135
06.12.2012,568,237,166,73,7,76
05.12.2012,589,215,186,90,4,108
04.12.2012,505,284,178,78,9,86
03.12.2012,563,200,216,96,6,119
02.12.2012,763,98,384,71,15,96
01.12.2012,1008,169,548,140,28,141
30.11.2012,610,181,268,96,9,116
29.11.2012,697,277,253,130,11,127
28.11.2012,740,286,264,109,17,113
27.11.2012,687,284,287,95,5,107
26.11.2012,736,235,361,91,4,102
25.11.2012,827,118,418,85,8,126
24.11.2012,871,138,416,105,14,132
23.11.2012,777,237,325,103,14,116
22.11.2012,791,264,347,99,8,117
21.11.2012,746,278,296,73,16,79
20.11.2012,701,259,250,59,12,67
19.11.2012,760,251,359,79,15,95
18.11.2012,838,131,423,63,14,95
17.11.2012,675,127,325,77,10,92
16.11.2012,718,243,317,82,8,105
15.11.2012,786,276,285,84,10,94
14.11.2012,717,268,277,65,8,69
13.11.2012,998,223,588,89,10,113
12.11.2012,998,223,588,89,10,113
11.11.2012,1014,142,504,70,11,77
10.11.2012,957,132,454,82,12,91
09.11.2012,746,234,315,104,10,115
08.11.2012,756,286,258,91,8,105
07.11.2012,679,266,227,86,6,89
06.11.2012,865,322,308,87,13,100
05.11.2012,672,245,293,96,9,109
04.11.2012,896,140,483,67,4,92
03.11.2012,867,132,408,62,7,79
02.11.2012,754,233,374,88,10,111
01.11.2012,585,139,288,83,6,118
31.10.2012,676,226,286,128,9,157
30.10.2012,583,256,230,90,2,105
29.10.2012,646,210,302,85,5,109
28.10.2012,669,128,316,71,7,103
27.10.2012,720,115,353,99,12,124
26.10.2012,682,62,298,116,6,142
25.10.2012,731,248,314,86,12,94
24.10.2012,767,279,332,68,7,76
23.10.2012,880,284,393,102,9,111
22.10.2012,827,228,393,89,13,103
21.10.2012,933,531,128,128,13,171
20.10.2012,967,156,515,125,14,144
19.10.2012,904,255,412,112,10,130
18.10.2012,857,225,370,116,12,126
17.10.2012,698,257,348,124,12,151
16.10.2012,723,302,355,132,11,161
15.10.2012,933,241,460,95,7,105
14.10.2012,916,132,525,89,16,100
13.10.2012,993,144,508,111,17,134
12.10.2012,860,248,382,96,13,106
11.10.2012,838,291,371,115,10,130
10.10.2012,805,270,330,84,8,98
09.10.2012,759,258,324,70,7,74
08.10.2012,805,252,404,100,12,121
07.10.2012,867,118,493,102,14,144
06.10.2012,945,128,487,114,8,134
05.10.2012,773,221,352,104,8,112
04.10.2012,902,270,415,100,6,119
03.10.2012,806,291,341,110,10,137
02.10.2012,809,261,768,101,9,121
01.10.2012,773,243,394,111,13,127
30.09.2012,877,116,506,114,16,149
29.09.2012,927,119,530,115,7,142
28.09.2012,801,209,346,138,13,166
27.09.2012,826,258,354,79,5,99
26.09.2012,783,259,336,119,14,142
25.09.2012,778,255,340,107,6,127
24.09.2012,772,225,420,97,6,137
23.09.2012,808,131,434,71,11,90
22.09.2012,811,127,415,113,8,142
21.09.2012,746,227,318,105,7,114
20.09.2012,784,235,349,90,9,113
19.09.2012,708,320,280,101,2,125
18.09.2012,751,253,338,106,8,116
17.09.2012,974,199,543,122,12,144
16.09.2012,918,120,517,94,16,114
15.09.2012,885,120,450,114,14,131
14.09.2012,760,255,350,117,5,152
13.09.2012,763,240,312,139,7,169
12.09.2012,868,247,389,116,6,129
11.09.2012,794,247,372,91,6,111
10.09.2012,856,219,465,122,10,143
09.09.2012,975,124,595,85,15,124
08.09.2012,924,114,531,105,15,124
07.09.2012,751,249,371,89,6,98
06.09.2012,747,249,317,106,13,120
05.09.2012,783,275,354,87,2,100
04.09.2012,717,272,325,76,0,92
04.09.2012,946,194,494,105,10,114
02.09.2012,1055,105,625,82,7,108
01.09.2012,944,133,508,123,15,164
31.08.2012,841,220,421,100,8,123
30.08.2012,828,226,392,95,6,110
29.08.2012,803,246,391,92,5,110
28.08.2012,813,224,355,114,15,131
27.08.2012,854,219,400,108,8,126
26.08.2012,1106,117,605,108,7,160
25.08.2012,915,76,491,86,10,107
24.08.2012,855,229,434,120,8,131
23.08.2012,822,243,370,115,7,137
22.08.2012,850,266,422,101,11,121
21.08.2012,838,223,432,109,7,133
20.08.2012,1041,122,642,88,10,128
19.08.2012,1041,122,642,88,10,128
18.08.2012,942,108,546,86,13,95
17.08.2012,863,201,407,75,7,98
16.08.2012,866,198,436,82,9,110
15.08.2012,766,126,436,74,2,117
14.08.2012,718,214,375,96,9,107
13.08.2012,1007,213,628,90,6,118
12.08.2012,915,128,568,95,20,131
11.08.2012,888,133,551,96,11,132
10.08.2012,813,220,434,108,11,141
09.08.2012,819,220,383,89,9,108
08.08.2012,830,248,392,82,11,92
07.08.2012,817,226,392,117,11,148
06.08.2012,1006,175,629,105,9,149
05.08.2012,1062,119,662,89,20,134
04.08.2012,1020,148,607,105,9,133
03.08.2012,801,225,421,112,10,133
02.08.2012,915,225,467,87,4,121
01.08.2012,737,181,377,113,11,129
31.07.2012,823,212,383,78,4,100
30.07.2012,867,185,480,103,17,136
29.07.2012,1001,606,124,91,9,127
28.07.2012,1002,123,591,102,9,125
27.07.2012,882,202,453,90,10,109
26.07.2012,1040,246,539,115,8,133
25.07.2012,876,232,459,97,8,112
24.07.2012,798,188,419,106,4,128
23.07.2012,981,197,572,137,12,178
22.07.2012,1130,91,673,83,7,108
20.07.2012,789,183,406,100,7,127
19.07.2012,843,244,385,83,7,105
18.07.2012,740,305,343,82,3,104
17.07.2012,722,219,340,98,9,127
16.07.2012,907,186,474,110,10,137
15.07.2012,1105,121,671,89,11,133
14.07.2012,1004,124,554,107,6,149
13.07.2012,843,210,427,96,4,119
12.07.2012,910,244,478,114,13,141
11.07.2012,1040,246,539,115,8,133
10.07.2012,941,266,477,116,5,164
09.07.2012,1028,215,607,110,11,136
08.07.2012,1267,92,791,90,14,130
07.07.2012,1063,122,604,104,11,129
06.07.2012,1013,223,595,109,7,130
05.07.2012,1031,253,533,109,4,136
04.07.2012,909,278,429,98,11,112
03.07.2012,943,231,469,85,8,106
02.07.2012,1025,220,645,100,15,123
01.07.2012,1215,132,744,117,11,166
30.06.2012,1117,157,674,81,10,99
29.06.2012,892,208,482,137,9,164
28.06.2012,875,227,454,77,6,85
27.06.2012,1748,261,405,87,7,96
26.06.2012,802,240,364,69,3,89
25.06.2012,1046,231,588,110,10,138
24.06.2012,1211,154,726,101,18,128
23.06.2012,1114,153,628,100,10,135
22.06.2012,977,282,531,105,3,129
21.06.2012,917,244,401,91,12,115
20.06.2012,930,277,447,81,4,107
19.06.2012,880,248,444,103,6,129
18.06.2012,1025,213,549,118,13,140
17.06.2012,1296,108,732,109,13,131
16.06.2012,1052,133,569,113,11,131
15.06.2012,899,221,391,93,6,107
14.06.2012,892,233,358,79,4,101
13.06.2012,995,213,435,87,5,108
12.06.2012,756,204,358,70,2,80
11.06.2012,844,222,419,79,7,96
10.06.2012,1078,154,599,83,8,121
09.06.2012,1235,130,708,78,9,87
08.06.2012,916,168,481,113,5,137
07.06.2012,913,149,509,91,13,95
06.06.2012,908,253,526,85,5,91
05.06.2012,833,238,363,89,6,111
04.06.2012,840,207,402,88,8,98
03.06.2012,1003,112,559,76,10,102
02.06.2012,881,125,483,67,3,80
01.06.2012,831,244,367,102,8,148
31.05.2012,820,279,358,90,10,102
30.05.2012,833,284,317,91,6,113
29.05.2012,753,347,251,99,8,108
28.05.2012,881,208,437,104,13,131
27.05.2012,1058,111,607,85,12,121
26.05.2012,957,106,529,112,10,152
25.05.2012,885,245,398,128,14,132
24.05.2012,1027,273,480,121,11,142
23.05.2012,868,344,391,89,2,113
22.05.2012,912,253,446,105,10,121
21.05.2012,934,214,539,96,8,119
20.05.2012,1062,136,653,123,17,141
19.05.2012,1097,132,608,97,11,119
18.05.2012,931,284,448,111,14,128
17.05.2012,773,274,327,76,7,95
16.05.2012,793,224,363,85,6,97
15.05.2012,735,233,316,88,4,108
14.05.2012,840,187,423,85,9,100
13.05.2012,950,132,517,72,10,93
12.05.2012,955,95,495,104,12,118
11.05.2012,970,191,507,128,14,135
10.05.2012,876,235,406,84,4,93
09.05.2012,765,218,352,86,2,99
08.05.2012,666,214,281,70,5,83
07.05.2012,736,181,369,67,2,91
06.05.2012,806,125,557,62,3,89
05.05.2012,806,119,463,76,4,101
04.05.2012,865,176,444,118,4,161
03.05.2012,847,99,490,75,7,105
02.05.2012,897,31,548,85,9,97
01.05.2012,998,110,570,87,4,107
30.04.2012,855,155,512,114,9,142
29.04.2012,1004,124,586,88,14,113
28.04.2012,910,115,534,129,8,178
27.04.2012,918,251,461,104,3,125
26.04.2012,812,261,359,97,2,115
25.04.2012,820,281,342,80,7,99
24.04.2012,727,213,296,73,10,83
22.04.2012,955,121,531,83,9,116
21.04.2012,974,133,511,108,10,154
20.04.2012,830,235,372,99,7,111
19.04.2012,817,272,315,77,4,97
18.04.2012,805,293,326,64,7,70
17.04.2012,780,231,351,58,5,71
16.04.2012,749,238,331,76,7,87
15.04.2012,904,121,437,71,8,95
14.04.2012,1032,146,520,74,17,78
13.04.2012,875,242,381,73,14,74
12.04.2012,880,256,371,73,4,81
11.04.2012,909,264,374,58,7,62
10.04.2012,938,307,488,90,9,110
09.04.2012,733,92,382,49,5,74
08.04.2012,499,94,296,32,0,41
07.04.2012,961,146,476,60,7,72
06.04.2012,945,252,438,94,9,109
05.04.2012,897,234,402,71,7,92
04.04.2012,858,244,312,85,11,88
03.04.2012,809,259,308,68,5,68
02.04.2012,755,205,311,58,5,83
01.04.2012,758,97,333,64,8,73
31.03.2012,818,143,389,82,9,108
30.03.2012,727,238,294,81,10,92
29.03.2012,834,261,290,73,18,84
28.03.2012,854,271,328,78,4,99
27.03.2012,794,275,316,77,5,93
26.03.2012,760,234,343,68,6,79
25.03.2012,883,131,466,72,10,114
24.03.2012,1030,125,518,75,5,94
23.03.2012,1003,257,455,83,9,86
22.03.2012,990,269,399,67,2,76
21.03.2012,1101,364,438,66,6,81
20.03.2012,846,308,352,69,7,95
19.03.2012,869,238,404,65,10,83
18.03.2012,1111,130,543,84,16,97
17.03.2012,1001,140,479,86,15,115
16.03.2012,954,255,406,76,4,91
15.03.2012,914,286,391,61,5,77
14.03.2012,899,279,342,57,3,72
13.03.2012,856,298,299,63,4,75
12.03.2012,894,243,415,74,5,101
11.03.2012,994,114,471,57,6,92
10.03.2012,1291,143,716,91,9,135
09.03.2012,969,250,443,55,7,60
08.03.2012,845,234,351,63,4,72
07.03.2012,897,287,324,54,7,66
06.03.2012,816,277,304,67,8,83
05.03.2012,769,183,353,53,2,67
04.03.2012,848,389,125,45,11,64
03.03.2012,892,136,393,81,8,97
02.03.2012,932,289,373,79,8,96
01.03.2012,845,277,318,69,5,78
29.02.2012,786,325,268,83,5,101
28.02.2012,740,289,259,95,7,113
27.02.2012,787,227,287,77,5,95
26.02.2012,820,136,382,59,2,91
25.02.2012,818,154,329,59,10,57
24.02.2012,762,255,285,76,6,86
23.02.2012,699,267,243,60,6,72
22.02.2012,895,306,341,50,7,55
21.02.2012,692,260,253,77,11,86
20.02.2012,762,250,296,76,7,95
19.02.2012,742,121,339,49,3,56
18.02.2012,729,123,293,51,4,64
17.02.2012,660,257,210,90,8,114
16.02.2012,653,257,192,70,11,106
15.02.2012,588,301,155,109,13,155
14.02.2012,710,260,215,68,6,77
13.02.2012,641,201,263,72,10,90
12.02.2012,657,101,289,63,7,75
11.02.2012,682,121,280,61,6,87
10.02.2012,735,239,262,81,8,101
09.02.2012,710,245,220,91,7,121
08.02.2012,720,275,223,40,0,58
07.02.2012,568,265,181,55,3,68
06.02.2012,492,226,169,54,5,68
05.02.2012,497,76,210,34,3,40
04.02.2012,494,112,220,40,1,49
03.02.2012,493,227,159,62,6,72
02.02.2012,546,247,178,60,4,77
01.02.2012,544,329,172,63,3,69
31.01.2012,527,254,156,63,9,81
30.01.2012,522,220,175,55,2,73
29.01.2012,592,89,252,21,2,26
28.01.2012,622,126,294,49,5,63
27.01.2012,810,271,363,56,7,52
26.01.2012,775,285,244,59,3,65
25.01.2012,716,340,247,54,2,68
24.01.2012,741,301,225,59,4,71
23.01.2012,721,220,286,81,9,117
22.01.2012,687,130,330,57,3,87
21.01.2012,773,135,358,78,14,92
20.01.2012,731,283,258,93,5,121
19.01.2012,686,293,228,73,5,92
18.01.2012,709,264,234,56,1,66
17.01.2012,676,267,201,67,8,79
16.01.2012,644,234,236,70,3,76
15.01.2012,671,110,283,39,3,55
14.01.2012,719,125,320,99,17,136
13.01.2012,817,254,312,101,8,119
12.01.2012,821,281,306,89,11,113
11.01.2012,774,322,301,97,12,112
10.01.2012,686,260,243,72,6,88
09.01.2012,681,212,278,90,10,103
08.01.2012,740,144,306,70,5,80
07.01.2012,595,111,254,60,8,70
06.01.2012,607,157,286,75,7,109
05.01.2012,627,275,237,102,10,135
04.01.2012,609,259,220,87,7,105
03.01.2012,652,280,243,92,6,105
02.01.2012,702,233,325,68,9,77
01.01.2012,898,101,451,72,8,98
31.12.2011,544,109,253,84,11,107
30.12.2011,695,204,251,94,12,100
29.12.2011,687,267,242,78,14,82
28.12.2011,639,308,239,95,5,115
27.12.2011,734,287,321,91,14,94
26.12.2011,515,74,252,75,15,128
25.12.2011,379,75,180,53,7,69
24.12.2011,522,115,239,76,9,97
23.12.2011,741,278,325,97,13,114
22.12.2011,581,256,213,96,11,107
21.12.2011,610,250,234,108,7,140
20.12.2011,692,240,239,93,12,100
19.12.2011,632,208,276,99,11,104
18.12.2011,816,112,335,77,12,88
17.12.2011,822,145,372,141,21,153
16.12.2011,783,238,339,157,18,173
15.12.2011,708,293,292,114,16,115
14.12.2011,714,288,275,129,11,157
13.12.2011,667,231,251,128,9,152
12.12.2011,885,207,494,96,9,123
11.12.2011,844,108,374,87,14,115
10.12.2011,884,115,405,146,18,154
09.12.2011,732,253,265,144,18,160
08.12.2011,670,231,226,135,20,139
07.12.2011,690,302,274,100,13,104
06.12.2011,629,214,220,115,9,133
05.12.2011,764,197,371,150,17,175
04.12.2011,865,134,414,107,10,136
03.12.2011,918,112,414,109,11,129
02.12.2011,750,223,302,95,12,105
01.12.2011,865,251,332,127,10,160
30.11.2011,740,233,306,100,6,110
29.11.2011,691,275,256,115,6,125
28.11.2011,813,241,355,95,11,115
27.11.2011,1019,109,528,83,19,101
26.11.2011,118,834,431,97,17,125
25.11.2011,763,238,302,110,12,138
24.11.2011,721,249,249,76,11,80
23.11.2011,777,317,326,71,4,84
22.11.2011,720,221,276,90,6,98
21.11.2011,761,225,340,89,11,105
20.11.2011,952,119,451,74,11,92
19.11.2011,839,123,383,66,3,86
18.11.2011,773,208,322,100,10,108
17.11.2011,732,273,280,76,6,80
16.11.2011,790,256,286,73,9,89
15.11.2011,701,250,297,77,11,82
14.11.2011,709,210,372,74,11,75
13.11.2011,792,100,405,67,13,86
12.11.2011,1004,91,436,80,8,109
11.11.2011,898,102,451,68,6,99
10.11.2011,938,218,496,110,6,133
09.11.2011,779,304,274,91,9,111
08.11.2011,775,244,313,79,7,98
07.11.2011,745,215,345,103,18,114
06.11.2011,871,148,470,102,5,128
05.11.2011,863,148,470,102,5,128
04.11.2011,779,235,325,97,7,141
03.11.2011,721,230,263,101,12,119
02.11.2011,707,233,306,78,9,94
01.11.2011,727,161,362,77,4,113
31.10.2011,803,230,327,92,5,125
30.10.2011,1053,134,528,92,14,119
29.10.2011,1008,144,492,93,11,128
28.10.2011,871,264,419,110,17,107
27.10.2011,889,238,368,89,10,106
26.10.2011,798,265,326,105,10,119
25.10.2011,819,264,378,104,11,102
23.10.2011,963,133,493,77,14,105
24.10.2011,745,239,349,81,12,95
22.10.2011,900,117,431,102,16,124
21.10.2011,877,235,416,90,15,110
20.10.2011,890,321,363,107,8,127
19.10.2011,855,214,385,135,10,143
18.10.2011,722,229,295,96,8,113
17.10.2011,860,197,455,96,15,119
16.10.2011,990,123,537,96,8,123
15.10.2011,973,114,492,93,14,120
14.10.2011,918,200,404,85,6,101
13.10.2011,891,260,394,99,7,98
12.10.2011,824,213,355,125,12,147
11.10.2011,711,187,312,140,14,163
10.10.2011,800,170,375,92,9,111
09.10.2011,1290,149,742,113,17,159
08.10.2011,990,124,566,138,6,193
07.10.2011,829,230,387,152,14,172
06.10.2011,846,272,361,78,10,97
05.10.2011,851,208,375,103,6,126
04.10.2011,903,212,404,122,15,143
03.10.2011,883,178,475,139,17,157
02.10.2011,1050,116,558,125,22,141
01.10.2011,966,115,527,149,16,191
30.09.2011,926,234,457,152,16,184
29.09.2011,2824,291,404,102,6,113
28.09.2011,885,207,391,101,8,120
27.09.2011,814,253,392,110,13,109
26.09.2011,926,217,487,114,17,126
25.09.2011,1001,122,583,130,12,174
24.09.2011,991,126,550,121,15,143
23.09.2011,836,223,424,97,10,119
22.09.2011,928,253,443,84,5,104
21.09.2011,909,234,396,104,7,114
20.09.2011,773,240,346,84,7,98
19.09.2011,1046,202,476,125,23,160
18.09.2011,1061,116,576,122,14,169
17.09.2011,910,106,489,125,13,153
16.09.2011,1011,200,502,111,14,130
15.09.2011,893,331,426,116,12,128
14.09.2011,916,227,434,117,10,147
13.09.2011,943,225,453,104,4,138
12.09.2011,1136,215,637,123,10,157
11.09.2011,1179,106,684,172,12,148
10.09.2011,1013,118,564,91,7,100
09.09.2011,876,190,427,106,9,159
08.09.2011,811,317,115,106,9,130
07.09.2011,896,219,466,103,10,138
06.09.2011,874,215,402,121,10,136
05.09.2011,977,185,514,103,11,131
04.09.2011,1121,118,670,134,21,185
03.09.2011,996,135,593,111,13,146
02.09.2011,933,178,495,118,7,128
01.09.2011,898,222,438,129,13,158
31.08.2011,877,215,357,110,6,135
30.08.2011,893,240,378,88,7,105
29.08.2011,951,211,513,126,13,170
28.08.2011,1147,118,673,112,18,134
27.08.2011,1165,148,698,120,11,157
26.08.2011,956,223,519,115,10,147
25.08.2011,987,194,457,108,11,133
24.08.2011,904,242,426,117,6,130
23.08.2011,945,203,478,122,11,133
22.08.2011,1115,170,593,121,14,143
21.08.2011,1106,109,659,107,17,138
20.08.2011,1038,134,555,104,14,125
19.08.2011,922,178,493,112,12,146
18.08.2011,889,205,452,110,20,138
17.08.2011,914,193,414,68,6,83
16.08.2011,1019,200,577,119,8,158
15.08.2011,1119,90,670,91,11,118
14.08.2011,1428,128,950,101,16,136
13.08.2011,1145,139,664,131,17,168
12.08.2011,1186,247,688,139,9,182
11.08.2011,726,145,368,65,5,81
10.08.2011,880,207,439,102,7,132
09.08.2011,809,180,400,110,13,144
08.08.2011,894,177,435,115,14,149
07.08.2011,1190,113,694,101,11,131
06.08.2011,1068,138,621,129,15,163
05.08.2011,947,194,491,116,16,133
04.08.2011,972,189,504,98,10,134
03.08.2011,967,196,433,107,12,128
02.08.2011,905,207,430,91,7,102
01.08.2011,819,196,410,103,15,136
31.07.2011,973,86,540,99,18,155
30.07.2011,936,116,518,120,16,154
29.07.2011,821,195,431,88,6,98
28.07.2011,769,204,354,89,6,100
27.07.2011,828,250,377,107,12,139
26.07.2011,725,189,386,97,7,125
25.07.2011,874,175,459,87,10,99
24.07.2011,1065,123,601,78,3,114
23.07.2011,910,152,502,109,12,153
22.07.2011,793,188,389,99,18,126
21.07.2011,816,202,379,112,7,149
20.07.2011,877,208,407,105,10,124
19.07.2011,972,207,433,77,3,95
18.07.2011,985,206,579,122,15,156
17.07.2011,1261,125,771,100,18,122
16.07.2011,1026,130,564,105,11,132
15.07.2011,920,244,512,122,11,154
14.07.2011,970,224,495,104,9,135
13.07.2011,1023,233,523,114,7,142
12.07.2011,1035,246,503,99,7,115
11.07.2011,1015,180,563,127,17,180
10.07.2011,1353,136,857,103,10,129
09.07.2011,1261,135,751,102,11,128
08.07.2011,1044,215,539,115,8,150
07.07.2011,984,218,507,81,3,95
06.07.2011,913,268,467,83,10,121
05.07.2011,945,222,452,85,12,96
04.07.2011,850,200,454,107,15,155
03.07.2011,1104,144,613,100,5,159
02.07.2011,894,163,518,121,11,174
01.07.2011,789,206,380,108,14,122
30.06.2011,876,247,420,110,12,132
29.06.2011,983,247,443,95,7,100
28.06.2011,963,334,393,113,5,146
27.06.2011,967,274,557,98,7,124
26.06.2011,1054,157,619,96,22,127
25.06.2011,976,158,587,86,15,118
24.06.2011,982,286,534,114,10,139
23.06.2011,992,190,582,93,13,111
22.06.2011,939,386,501,136,11,155
21.06.2011,849,446,407,112,11,133
20.06.2011,926,301,478,123,11,207
19.06.2011,1176,191,634,120,16,146
18.06.2011,1077,227,641,118,11,146
17.06.2011,1073,368,601,124,7,132
16.06.2011,1004,516,521,110,5,118
15.06.2011,1008,408,503,110,18,152
14.06.2011,1046,412,490,118,13,145
13.06.2011,1194,357,694,118,14,134
12.06.2011,1187,206,720,113,11,144
11.06.2011,1206,204,695,121,14,136
10.06.2011,958,416,487,88,5,113
09.06.2011,930,405,438,105,10,136
08.06.2011,1069,460,489,122,14,132
07.06.2011,1010,398,483,117,8,137
06.06.2011,1378,340,826,149,23,173
05.06.2011,1264,177,766,144,14,196
04.06.2011,1151,197,670,156,12,211
03.06.2011,956,363,465,112,7,133
02.06.2011,1093,421,517,92,12,109
01.06.2011,935,349,449,119,13,142
31.05.2011,862,453,410,111,9,123
30.05.2011,891,327,481,118,8,145
29.05.2011,1085,210,582,117,12,173
28.05.2011,1092,204,553,117,15,148
27.05.2011,1056,416,534,114,5,139
26.05.2011,873,472,392,129,6,169
25.05.2011,923,402,426,99,14,106
24.05.2011,898,512,409,125,8,148
23.05.2011,932,363,499,117,7,133
22.05.2011,1152,185,662,129,17,171
21.05.2011,1044,203,588,115,18,138
20.05.2011,985,358,498,114,6,124
19.05.2011,945,495,433,102,12,111
18.05.2011,853,423,433,99,9,116
17.05.2011,864,437,398,89,7,113
16.05.2011,1006,390,573,111,9,176
15.05.2011,901,149,504,83,9,130
14.05.2011,1026,182,557,119,8,147
13.05.2011,992,385,487,96,9,104
12.05.2011,1003,442,475,127,13,146
11.05.2011,1010,349,459,130,6,148
10.05.2011,908,351,422,104,9,124
09.05.2011,975,347,514,118,13,144
08.05.2011,953,151,554,105,12,160
07.05.2011,944,179,524,122,9,146
06.05.2011,831,304,387,90,9,109
05.05.2011,762,343,334,79,11,98
04.05.2011,747,288,354,80,11,94
03.05.2011,701,149,349,60,4,92
02.05.2011,827,222,439,81,9,102
01.05.2011,1001,161,585,60,8,96
30.04.2011,970,156,468,118,13,146
29.04.2011,926,342,427,101,7,111
28.04.2011,882,414,391,77,7,84
27.04.2011,834,453,344,75,4,102
26.04.2011,959,453,549,87,12,110
25.04.2011,736,140,414,80,4,107
24.04.2011,732,116,398,64,10,86
23.04.2011,1019,221,573,102,10,126
22.04.2011,1048,498,491,133,11,149
21.04.2011,1032,423,488,127,12,152
20.04.2011,920,378,431,133,11,152
19.04.2011,1470,393,371,91,7,108
18.04.2011,1017,324,519,108,8,131
17.04.2011,1035,160,578,91,12,109
16.04.2011,1098,187,563,109,11,133
15.04.2011,948,357,422,105,8,120
14.04.2011,915,392,417,92,5,109
13.04.2011,846,367,340,88,9,96
12.04.2011,858,409,370,75,6,88
11.04.2011,929,329,465,83,9,104
10.04.2011,964,189,503,70,14,106
09.04.2011,1004,191,497,75,5,96
08.04.2011,849,383,330,87,12,98
07.04.2011,844,399,350,83,10,101
06.04.2011,961,390,371,70,6,73
05.04.2011,890,404,353,78,8,93
04.04.2011,917,304,457,93,8,115
03.04.2011,1063,163,577,85,9,132
02.04.2011,1055,175,547,78,3,123
01.04.2011,898,352,421,111,8,124
31.03.2011,1043,478,441,78,7,84
30.03.2011,1020,491,429,87,6,103
29.03.2011,858,433,356,70,8,78
28.03.2011,847,337,385,55,6,72
27.03.2011,871,173,448,54,1,67
26.03.2011,978,216,474,84,16,100
25.03.2011,995,423,396,67,8,73
24.03.2011,919,427,358,69,5,79
23.03.2011,956,445,376,54,1,61
22.03.2011,936,418,391,59,5,67
21.03.2011,929,381,382,72,9,80
20.03.2011,1085,178,575,66,9,88
19.03.2011,1113,171,585,68,4,84
18.03.2011,846,442,352,93,6,118
17.03.2011,865,464,324,81,6,98
16.03.2011,942,442,382,66,4,82
15.03.2011,954,411,393,74,7,83
14.03.2011,1084,409,532,69,6,87
13.03.2011,1017,194,499,78,16,99
12.03.2011,1035,222,463,97,15,115
11.03.2011,936,431,376,87,5,111
10.03.2011,905,449,317,83,3,96
09.03.2011,1101,563,457,61,8,65
08.03.2011,952,390,415,63,9,68
07.03.2011,889,430,396,78,4,82
06.03.2011,927,183,452,67,12,99
05.03.2011,960,198,421,83,6,106
04.03.2011,942,397,385,82,8,96
03.03.2011,951,492,363,71,4,79
02.03.2011,910,448,317,66,8,73
01.03.2011,898,353,341,68,6,79
28.02.2011,735,337,273,73,3,82
27.02.2011,834,183,386,65,10,96
26.02.2011,783,208,345,67,6,89
25.02.2011,683,428,248,61,8,80
24.02.2011,696,480,200,57,3,69
23.02.2011,700,438,230,62,8,77
22.02.2011,622,478,203,52,5,57
21.02.2011,664,389,271,57,5,71
20.02.2011,705,148,331,57,6,82
19.02.2011,850,185,362,86,13,98
18.02.2011,839,427,303,90,6,120
17.02.2011,768,481,257,49,7,52
16.02.2011,762,489,260,62,4,88
15.02.2011,807,411,273,61,11,68
14.02.2011,714,341,285,68,10,72
13.02.2011,838,188,392,49,10,84
12.02.2011,855,240,408,74,10,99
11.02.2011,923,437,375,103,1,124
10.02.2011,957,423,354,80,16,93
09.02.2011,971,458,370,69,10,78
08.02.2011,913,437,302,77,6,95
07.02.2011,861,345,344,77,7,97
06.02.2011,867,198,404,65,7,87
05.02.2011,790,208,375,75,9,91
04.02.2011,815,426,277,103,9,124
03.02.2011,848,466,278,91,8,113
02.02.2011,776,468,240,94,16,117
01.02.2011,710,360,239,67,7,100
31.01.2011,640,401,240,51,8,64
30.01.2011,721,162,337,57,6,78
29.01.2011,788,205,350,57,5,75
28.01.2011,909,505,411,61,6,81
27.01.2011,780,456,238,64,8,75
26.01.2011,790,485,252,63,4,79
25.01.2011,743,423,194,77,11,97
24.01.2011,687,409,260,66,6,104
23.01.2011,719,166,310,73,4,107
22.01.2011,795,191,350,53,6,67
21.01.2011,751,394,283,87,8,113
20.01.2011,788,410,268,80,9,96
19.01.2011,791,469,261,78,8,93
18.01.2011,784,452,268,81,10,111
17.01.2011,713,378,249,111,9,152
16.01.2011,827,188,388,62,16,75
15.01.2011,665,187,298,72,7,96
14.01.2011,704,390,268,60,2,67
13.01.2011,822,433,327,59,5,76
12.01.2011,689,458,212,57,9,59
11.01.2011,685,444,237,58,1,72
10.01.2011,651,389,217,71,6,76
09.01.2011,736,212,321,46,6,61
08.01.2011,668,191,246,36,2,41
07.01.2011,540,326,153,57,4,72
06.01.2011,487,205,196,28,2,35
05.01.2011,545,433,168,57,4,72
04.01.2011,461,420,127,54,11,69
03.01.2011,560,348,218,41,2,48
02.01.2011,354,125,142,24,3,29
01.01.2011,824,126,376,37,5,46
31.12.2010,434,193,163,45,5,53
30.12.2010,497,343,139,54,5,73
29.12.2010,467,403,130,31,1,35
28.12.2010,522,429,131,38,3,47
27.12.2010,552,366,265,42,3,51
26.12.2010,450,99,227,33,2,56
25.12.2010,335,102,145,33,3,47
24.12.2010,577,17,217,59,5,73
23.12.2010,669,656,250,69,3,92
22.12.2010,659,416,199,68,6,81
21.12.2010,594,343,175,76,5,88
20.12.2010,553,350,188,69,5,79
19.12.2010,699,202,295,36,2,52
18.12.2010,697,217,306,43,4,55
17.12.2010,542,469,156,79,4,93
16.12.2010,511,436,132,67,6,71
15.12.2010,511,435,132,52,3,66
14.12.2010,469,420,130,65,3,79
13.12.2010,602,369,210,64,5,79
12.12.2010,635,179,236,55,7,66
11.12.2010,643,199,246,71,5,97
10.12.2010,637,398,206,95,15,110
09.12.2010,656,436,201,72,3,87
08.12.2010,640,422,199,83,8,107
07.12.2010,611,396,171,69,7,83
06.12.2010,604,349,258,53,4,74
05.12.2010,651,209,243,34,3,42
04.12.2010,576,212,221,56,2,77
03.12.2010,501,325,136,65,4,86
02.12.2010,390,278,104,64,4,67
01.12.2010,477,329,155,61,8,70
30.11.2010,420,357,141,68,7,80
29.11.2010,497,339,216,99,6,128
28.11.2010,1063,178,605,91,11,152
27.11.2010,774,189,371,121,10,169
26.11.2010,770,435,287,109,7,133
25.11.2010,658,406,274,129,8,160
24.11.2010,655,430,259,117,9,131
23.11.2010,670,368,250,133,12,147
22.11.2010,757,323,348,145,11,159
21.11.2010,1250,282,666,85,13,101
20.11.2010,1045,211,531,108,16,109
19.11.2010,900,368,393,150,22,146
18.11.2010,713,394,282,137,10,158
17.11.2010,739,412,309,102,7,122
16.11.2010,758,446,298,102,12,113
15.11.2010,910,365,467,102,16,109
14.11.2010,1084,211,574,128,19,140
13.11.2010,983,177,508,117,18,137
12.11.2010,968,328,469,138,27,161
11.11.2010,974,219,483,75,10,95
10.11.2010,807,423,353,113,16,119
09.11.2010,736,354,286,121,17,128
08.11.2010,734,301,329,112,10,138
07.11.2010,1008,188,488,99,10,137
06.11.2010,935,178,467,125,18,139
05.11.2010,906,387,426,128,6,148
04.11.2010,850,372,315,137,18,148
03.11.2010,780,314,301,104,16,112
02.11.2010,867,379,371,88,8,95
01.11.2010,737,205,385,63,4,92
31.10.2010,1033,251,565,110,11,149
30.10.2010,994,245,519,109,13,138
29.10.2010,880,591,411,125,11,153
28.10.2010,794,444,338,85,8,96
27.10.2010,776,417,318,111,13,126
26.10.2010,873,373,355,102,8,100
25.10.2010,776,375,388,98,11,116
24.10.2010,1061,198,528,109,13,140
23.10.2010,1027,220,532,93,13,114
22.10.2010,868,404,396,114,8,152
21.10.2010,809,382,312,112,16,138
20.10.2010,868,480,351,89,12,97
19.10.2010,840,399,335,82,5,97
18.10.2010,837,353,430,99,17,107
17.10.2010,956,168,532,92,14,129
16.10.2010,1020,996,567,94,12,134
15.10.2010,808,347,400,129,11,142
14.10.2010,1289,477,542,149,19,178
13.10.2010,537,260,238,68,9,78
12.10.2010,590,264,269,83,27,91
11.10.2010,929,332,490,126,12,152
10.10.2010,1060,183,624,112,13,151
09.10.2010,1110,211,638,119,8,143
08.10.2010,891,364,459,119,12,148
07.10.2010,858,379,370,97,7,108
06.10.2010,822,370,348,97,7,108
05.10.2010,789,337,323,108,13,120
04.10.2010,800,292,387,130,8,143
03.10.2010,996,153,524,99,14,157
01.10.2010,724,299,340,82,12,100
02.10.2010,863,148,460,97,14,106
30.09.2010,677,325,290,116,9,139
29.09.2010,704,493,313,134,16,149
28.09.2010,694,403,294,118,12,142
27.09.2010,772,378,393,136,20,183
26.09.2010,1067,188,555,141,21,197
25.09.2010,1000,205,560,107,19,117
24.09.2010,868,366,451,121,10,151
23.09.2010,903,459,418,116,13,148
22.09.2010,802,358,382,132,15,147
21.09.2010,839,417,377,116,14,144
20.09.2010,871,318,430,108,10,136
19.09.2010,900,209,528,88,9,123
18.09.2010,921,176,513,125,18,166
17.09.2010,851,331,438,121,11,148
16.09.2010,829,327,370,102,10,114
15.09.2010,897,387,458,152,19,170
14.09.2010,824,393,380,105,16,125
13.09.2010,959,352,493,125,7,154
12.09.2010,1097,182,657,120,11,190
11.09.2010,1097,201,610,147,15,198
10.09.2010,1018,358,532,116,12,138
09.09.2010,848,329,369,123,15,143
08.09.2010,909,425,388,83,3,99
07.09.2010,710,374,341,93,19,104
06.09.2010,759,316,408,116,20,142
05.09.2010,969,156,564,123,9,172
04.09.2010,866,161,483,128,18,172
03.09.2010,775,389,353,135,14,162
02.09.2010,751,419,339,110,17,129
01.09.2010,683,413,297,108,13,120
31.08.2010,623,330,245,100,17,125
30.08.2010,784,306,385,116,7,165
29.08.2010,1056,160,599,103,16,144
28.08.2010,921,171,509,116,14,159
27.08.2010,869,361,394,178,11,246
26.08.2010,854,378,401,110,8,141
25.08.2010,841,376,393,107,11,123
24.08.2010,835,355,428,123,14,165
23.08.2010,976,333,526,123,22,140
22.08.2010,1065,156,674,120,11,157
21.08.2010,971,182,603,127,13,166
20.08.2010,899,316,490,150,14,184
19.08.2010,869,354,422,87,7,103
18.08.2010,840,355,396,108,10,126
17.08.2010,833,320,402,109,5,135
16.08.2010,962,294,553,160,21,216
15.08.2010,1184,190,760,129,12,204
14.08.2010,1218,175,802,142,18,177
13.08.2010,933,391,519,110,7,140
12.08.2010,971,372,519,122,17,142
11.08.2010,903,371,504,103,11,130
10.08.2010,967,357,500,113,11,142
09.08.2010,1016,278,508,133,18,170
08.08.2010,1131,182,679,110,12,175
07.08.2010,1008,186,554,152,19,202
06.08.2010,891,307,464,127,13,164
05.08.2010,901,372,422,83,8,109
04.08.2010,874,341,443,86,9,98
03.08.2010,830,310,415,123,14,152
02.08.2010,864,245,499,131,12,171
01.08.2010,1028,163,609,111,12,152
31.07.2010,959,169,509,115,9,133
30.07.2010,790,317,391,117,12,143
29.07.2010,755,365,354,104,8,136
28.07.2010,715,350,350,98,11,143
27.07.2010,757,320,356,89,8,120
26.07.2010,783,281,408,134,11,176
25.07.2010,872,150,494,100,10,168
25.07.2010,901,172,540,125,15,170
24.07.2010,849,296,452,130,14,165
22.07.2010,860,302,416,99,11,138
21.07.2010,892,377,443,94,4,126
20.07.2010,792,369,400,108,8,114
19.07.2010,827,296,323,102,12,163
18.07.2010,983,174,465,119,11,169
16.07.2010,933,334,341,127,9,178
17.07.2010,1060,196,390,117,12,158
15.07.2010,926,367,331,123,17,145
14.07.2010,904,364,461,123,7,159
13.07.2010,889,342,460,96,7,116
12.07.2010,952,282,584,127,16,179
11.07.2010,1161,164,728,133,19,198
10.07.2010,1229,202,655,125,5,146
09.07.2010,930,306,510,121,9,162
08.07.2010,902,362,456,103,4,128
07.07.2010,821,390,358,115,9,144
06.07.2010,814,341,364,115,9,141
05.07.2010,910,271,511,135,19,190
04.07.2010,1416,224,942,118,14,165
03.07.2010,1099,195,663,133,7,190
02.07.2010,889,272,487,137,5,174
01.07.2010,785,287,393,127,14,155
30.06.2010,878,319,431,132,20,155
29.06.2010,814,300,395,138,9,169
28.06.2010,942,313,499,148,13,181
27.06.2010,1078,164,611,119,18,158
26.06.2010,1063,182,621,123,12,176
25.06.2010,960,374,501,149,6,180
24.06.2010,842,413,412,134,9,164
23.06.2010,807,380,357,119,6,141
22.06.2010,824,357,387,89,5,109
21.06.2010,918,327,438,102,6,119
20.06.2010,1370,223,810,111,21,159
19.06.2010,967,242,550,113,9,157
18.06.2010,906,353,435,119,6,149
17.06.2010,765,425,311,130,9,166
16.06.2010,867,378,387,125,16,132
15.06.2010,854,349,385,110,11,136
14.06.2010,841,317,431,148,13,181
13.06.2010,1040,136,636,143,12,213
12.06.2010,1029,157,630,125,11,151
11.06.2010,952,281,518,160,7,191
10.06.2010,1051,371,479,110,6,124
09.06.2010,1122,389,656,117,3,145
10.06.2010,836,412,395,95,11,115
07.06.2010,921,308,474,112,13,120
06.06.2010,992,127,547,106,13,155
05.06.2010,943,161,572,121,10,142
04.06.2010,927,271,536,103,9,129
03.06.2010,853,197,476,79,3,97
02.06.2010,805,380,390,118,8,148
01.06.2010,768,330,369,74,3,85
31.05.2010,778,284,338,108,7,141
30.05.2010,969,160,565,124,10,187
29.05.2010,906,164,490,124,6,159
28.05.2010,819,357,405,119,8,138
27.05.2010,820,401,400,99,1,119
26.05.2010,828,395,377,101,6,115
25.05.2010,785,375,356,105,8,124
24.05.2010,881,274,455,98,9,125
23.05.2010,1098,171,621,122,8,168
22.05.2010,999,208,515,113,9,146
21.05.2010,861,327,464,117,5,139
20.05.2010,916,369,421,66,3,84
19.05.2010,763,356,322,83,9,108
18.05.2010,626,342,280,102,5,135
17.05.2010,653,320,331,97,6,123
16.05.2010,844,143,471,95,20,136
15.05.2010,879,178,502,101,7,127
14.05.2010,843,314,434,88,1,122
13.05.2010,891,362,421,106,6,132
12.05.2010,925,392,461,91,6,120
11.05.2010,883,343,424,111,8,141
10.05.2010,900,307,454,110,23,117
09.05.2010,1073,168,620,88,8,134
08.05.2010,1114,182,722,91,9,117
07.05.2010,831,332,385,94,10,100
06.05.2010,784,360,317,101,7,145
05.05.2010,774,313,330,79,8,98
04.05.2010,807,248,417,82,4,116
03.05.2010,904,143,529,88,10,128
02.05.2010,1093,152,636,102,6,141
01.05.2010,1114,173,702,105,11,135
30.04.2010,923,382,468,158,10,183
29.04.2010,898,483,440,87,5,96
28.04.2010,832,415,346,96,6,104
27.04.2010,843,391,382,106,4,129
26.04.2010,904,309,461,104,6,141
25.04.2010,949,139,543,134,8,168
24.04.2010,1027,161,574,99,12,125
23.04.2010,925,375,517,84,6,95
22.04.2010,864,398,402,75,4,90
21.04.2010,807,406,365,91,11,99
20.04.2010,895,418,401,86,5,102
19.04.2010,857,313,455,92,10,114
18.04.2010,1030,178,602,84,10,122
17.04.2010,933,193,491,76,5,94
16.04.2010,870,369,408,74,4,86
15.04.2010,908,409,440,77,3,84
14.04.2010,888,329,382,79,6,94
13.04.2010,897,411,423,72,8,89
12.04.2010,872,327,426,72,9,78
11.04.2010,827,146,415,59,6,92
10.04.2010,1088,197,564,70,5,94
09.04.2010,1005,333,493,92,9,106
08.04.2010,917,393,389,74,5,81
07.04.2010,942,398,410,82,11,107
06.04.2010,986,387,504,60,5,88
05.04.2010,795,151,457,62,8,91
04.04.2010,613,89,328,48,4,67
03.04.2010,864,215,485,79,9,98
02.04.2010,1033,534,525,103,6,138
01.04.2010,941,389,410,112,8,126
31.03.2010,923,389,405,84,9,101
30.03.2010,921,415,387,79,10,91
29.03.2010,898,360,403,83,11,99
28.03.2010,959,150,467,77,7,90
27.03.2010,1114,201,523,79,11,102
26.03.2010,1092,339,505,112,7,142
25.03.2010,1011,485,442,91,9,103
24.03.2010,980,469,415,62,7,70
23.03.2010,966,382,428,64,3,67
22.03.2010,975,394,448,82,8,95
21.03.2010,967,182,469,75,10,93
20.03.2010,1115,233,554,77,10,84
19.03.2010,1175,380,572,75,6,95
18.03.2010,979,420,415,71,9,81
17.03.2010,946,429,374,73,6,83
16.03.2010,849,392,351,74,3,99
15.03.2010,756,338,311,107,13,135
14.03.2010,820,165,405,61,4,97
13.03.2010,958,193,505,91,5,126
12.03.2010,909,367,382,83,8,92
11.03.2010,1010,453,411,57,5,69
10.03.2010,856,415,343,69,6,81
09.03.2010,877,408,380,51,5,57
08.03.2010,835,326,380,64,3,78
06.03.2010,798,180,391,94,6,128
07.03.2010,823,155,375,42,2,58
05.03.2010,837,366,358,109,3,173
04.03.2010,961,428,412,88,7,106
03.03.2010,856,307,399,79,10,89
02.03.2010,863,374,341,53,4,69
01.03.2010,744,329,309,54,6,62
28.02.2010,869,162,436,73,7,93
27.02.2010,846,179,364,69,5,95
26.02.2010,936,373,380,100,10,136
25.02.2010,324,432,837,82,8,98
24.02.2010,813,496,298,62,3,92
23.02.2010,722,466,239,68,5,81
22.02.2010,603,408,203,60,10,79
20.02.2010,713,205,289,49,5,66
21.02.2010,780,163,317,47,3,65
19.02.2010,741,370,245,81,4,107
18.02.2010,718,439,225,61,3,69
17.02.2010,758,377,237,47,6,54
16.02.2010,721,405,242,56,5,82
15.02.2010,610,377,226,53,4,71
14.02.2010,698,144,314,47,2,76
13.02.2010,725,177,254,68,8,98
12.02.2010,669,359,225,78,2,111
11.02.2010,701,409,212,95,10,113
10.02.2010,706,457,221,45,4,51
09.02.2010,699,414,204,52,3,66
08.02.2010,573,360,203,57,5,60
07.02.2010,584,170,271,20,2,25
06.02.2010,689,237,313,58,4,81
05.02.2010,857,493,363,73,3,93
04.02.2010,738,383,240,74,2,95
03.02.2010,601,376,167,80,3,107
02.02.2010,664,390,190,55,9,70
01.02.2010,561,340,175,69,8,92
31.01.2010,557,166,236,43,3,62
30.01.2010,400,163,217,60,6,70
29.01.2010,527,422,150,70,2,120
28.01.2010,486,408,127,84,8,106
27.01.2010,556,406,147,64,6,83
26.01.2010,478,359,148,56,9,69
25.01.2010,429,352,142,55,8,62
24.01.2010,456,124,201,33,0,49
23.01.2010,479,181,217,45,2,51
22.01.2010,529,376,173,44,9,54
21.01.2010,530,451,166,55,2,65
20.01.2010,587,468,183,64,1,72
19.01.2010,538,425,161,88,10,109
18.01.2010,488,344,162,71,7,87
17.01.2010,556,158,209,44,5,55
16.01.2010,551,198,213,55,3,65
15.01.2010,610,416,187,55,5,67
14.01.2010,569,405,188,55,2,64
13.01.2010,603,397,190,52,3,56
12.01.2010,551,372,170,66,7,91
11.01.2010,535,313,200,52,5,60
10.01.2010,518,167,196,49,1,78
10.01.2010,519,139,189,69,4,116
09.01.2010,569,325,225,77,5,101
07.01.2010,573,415,192,67,4,85
06.01.2010,469,400,131,66,5,85
05.01.2010,500,369,151,66,6,79
04.01.2010,428,324,163,45,3,49
03.01.2010,441,121,184,39,0,69
02.01.2010,439,123,173,45,7,64
01.01.2010,804,140,411,56,5,82
31.12.2009,482,195,189,82,6,107
30.12.2009,617,408,221,79,8,104
29.12.2009,622,455,233,81,8,107
28.12.2009,633,569,235,117,11,151
26.12.2009,510,99,249,62,9,86
27.12.2009,537,171,283,71,9,109
25.12.2009,397,89,182,49,5,62
24.12.2009,498,278,237,69,13,81
23.12.2009,589,375,255,151,11,184
22.12.2009,603,365,229,126,15,154
21.12.2009,435,329,164,106,7,128
20.12.2009,474,165,211,50,4,65
19.12.2009,524,204,232,64,7,82
18.12.2009,477,303,172,86,6,100
17.12.2009,541,355,186,109,9,126
16.12.2009,641,401,242,73,4,81
15.12.2009,637,382,230,100,7,129
14.12.2009,660,328,273,107,8,141
13.12.2009,776,175,388,75,13,83
12.12.2009,794,216,412,109,16,124
11.12.2009,878,377,419,100,18,104
10.12.2009,825,430,362,113,18,121
09.12.2009,711,358,315,113,12,139
08.12.2009,940,417,455,131,12,142
07.12.2009,683,351,286,156,11,183
06.12.2009,760,168,393,92,15,113
05.12.2009,867,189,412,104,21,113
04.12.2009,805,348,356,106,10,126
03.12.2009,715,391,316,122,10,139
02.12.2009,743,383,317,142,10,187
01.12.2009,812,355,347,109,15,155
30.11.2009,759,322,406,122,16,138
29.11.2009,1088,175,605,91,13,132
28.11.2009,943,192,493,108,13,139
27.11.2009,816,481,333,116,17,129
26.11.2009,800,453,324,104,16,105
25.11.2009,818,426,329,126,14,146
24.11.2009,653,462,305,146,19,165
23.11.2009,720,347,366,122,12,139
22.11.2009,934,181,489,82,7,109
21.11.2009,970,200,457,120,12,150
20.11.2009,835,376,414,113,13,118
19.11.2009,770,481,333,88,10,100
18.11.2009,812,338,324,118,13,120
17.11.2009,715,407,293,117,10,141
16.11.2009,685,361,324,94,11,106
15.11.2009,890,198,470,89,7,134
14.11.2009,931,200,461,110,16,148
13.11.2009,850,415,385,113,17,118
12.11.2009,804,357,379,140,11,174
11.11.2009,797,192,405,109,16,137
10.11.2009,828,375,393,128,7,154
09.11.2009,693,335,324,135,16,157
08.11.2009,998,167,528,96,10,131
07.11.2009,853,186,438,113,10,145
06.11.2009,761,337,368,118,12,141
05.11.2009,701,384,295,123,9,154
04.11.2009,676,334,304,109,11,129
03.11.2009,623,359,259,86,8,100
02.11.2009,612,336,299,98,3,120
01.11.2009,743,224,387,68,6,89
31.10.2009,910,245,465,118,12,172
30.10.2009,795,540,365,102,15,113
29.10.2009,768,462,352,120,14,136
28.10.2009,833,435,365,146,18,163
27.10.2009,774,386,333,137,9,162
26.10.2009,766,378,349,94,15,116
25.10.2009,987,137,568,100,4,127
24.10.2009,1022,193,630,138,19,186
23.10.2009,888,425,468,104,7,118
22.10.2009,847,474,387,111,10,131
21.10.2009,741,411,341,89,8,102
20.10.2009,792,377,358,114,6,150
19.10.2009,749,339,376,103,12,115
18.10.2009,892,179,502,86,11,119
17.10.2009,764,219,446,123,24,131
16.10.2009,719,375,322,133,6,158
15.10.2009,678,359,311,121,1,143
14.10.2009,630,328,269,130,6,167
13.10.2009,665,363,329,129,10,171
12.10.2009,1279,379,637,234,30,317
11.10.2009,1231,155,763,166,26,239
10.10.2009,259,38,132,27,2,41
09.10.2009,943,358,483,123,19,135
08.10.2009,932,398,461,122,19,140
07.10.2009,889,419,463,133,16,153
06.10.2009,832,382,407,143,13,180
05.10.2009,2070,426,1238,274,27,355
03.10.2009,233,45,106,30,0,43
02.10.2009,871,334,425,149,14,156
01.10.2009,752,358,363,143,10,170
30.09.2009,690,382,305,117,7,138
29.09.2009,781,350,349,126,6,189
28.09.2009,837,361,418,125,8,145
27.09.2009,1051,184,636,119,20,167
26.09.2009,1009,193,513,151,18,192
25.09.2009,867,401,492,112,10,156
24.09.2009,897,562,426,95,4,115
23.09.2009,887,418,447,102,12,154
22.09.2009,885,381,412,107,13,115
21.09.2009,804,356,462,128,9,157
20.09.2009,1127,195,662,152,19,217
19.09.2009,789,197,459,105,11,130
18.09.2009,844,387,428,134,15,149
17.09.2009,880,428,438,119,9,139
16.09.2009,898,377,442,105,10,111
15.09.2009,833,415,442,122,11,130
14.09.2009,929,336,525,129,16,154
13.09.2009,1038,153,655,130,18,166
12.09.2009,1047,207,612,130,21,172
11.09.2009,973,394,578,137,8,172
10.09.2009,970,466,539,134,10,172
09.09.2009,882,367,468,106,4,121
08.09.2009,870,365,447,111,7,127
07.09.2009,917,286,489,108,14,142
06.09.2009,990,145,639,101,9,162
05.09.2009,909,210,560,135,7,173
04.09.2009,840,374,446,132,10,171
03.09.2009,889,350,435,98,11,111
02.09.2009,842,382,432,102,12,126
01.09.2009,783,310,395,128,6,144
31.08.2009,957,289,522,147,10,176
30.08.2009,1818,220,1143,250,30,365
29.08.2009,246,34,163,24,4,23
28.08.2009,945,416,541,128,13,159
27.08.2009,942,351,493,114,5,146
26.08.2009,843,413,428,120,8,156
25.08.2009,831,369,442,125,9,149
24.08.2009,864,311,524,133,19,156
23.08.2009,1059,185,624,105,7,152
22.08.2009,1020,214,613,110,16,142
21.08.2009,948,320,559,140,19,168
20.08.2009,820,383,442,118,15,136
19.08.2009,802,360,426,121,7,135
18.08.2009,883,313,441,107,11,134
17.08.2009,901,284,497,124,11,162
16.08.2009,1085,143,690,122,14,206
15.08.2009,989,178,613,128,8,168
14.08.2009,873,327,474,139,12,183
13.08.2009,894,476,320,90,12,108
12.08.2009,864,353,463,113,10,150
11.08.2009,915,313,449,124,11,180
10.08.2009,870,282,478,122,19,150
09.08.2009,1081,156,716,124,19,176
08.08.2009,1042,203,642,127,21,147
07.08.2009,981,332,582,146,6,201
06.08.2009,1127,360,689,128,14,168
05.08.2009,867,326,462,103,7,159
04.08.2009,818,294,412,86,6,104
03.08.2009,850,265,457,137,15,210
02.08.2009,1134,159,710,133,14,199
01.08.2009,900,175,563,143,16,199
31.08.2009,861,307,452,114,10,142
30.07.2009,888,393,453,92,9,120
29.07.2009,810,447,421,93,8,113
28.07.2009,856,417,406,130,10,168
27.07.2009,885,290,481,121,13,143
26.07.2009,1010,142,569,114,13,179
25.07.2009,920,172,542,159,20,210
24.07.2009,772,282,405,146,15,214
23.07.2009,929,322,534,116,19,127
22.07.2009,885,349,488,124,6,162
21.07.2009,909,328,478,115,9,165
20.07.2009,929,291,528,126,13,149
19.07.2009,1025,202,620,181,27,315
18.07.2009,1014,188,601,158,12,237
17.07.2009,936,329,541,119,11,151
16.07.2009,936,377,522,112,12,141
15.07.2009,963,367,530,115,11,141
14.07.2009,1012,354,535,101,11,131
13.07.2009,1069,294,632,123,15,150
12.07.2009,1194,176,736,123,19,187
11.07.2009,1017,198,638,103,11,163
10.07.2009,1030,387,561,139,17,189
09.07.2009,893,389,436,112,11,134
08.07.2009,915,406,413,113,15,167
07.07.2009,940,360,489,114,8,135
06.07.2009,958,281,550,113,15,138
05.07.2009,1252,157,759,152,15,237
04.07.2009,1025,223,651,146,16,220
03.07.2009,957,315,553,136,7,184
02.07.2009,972,335,518,125,8,157
01.07.2009,865,297,460,112,6,126
30.06.2009,762,325,395,127,10,163
29.06.2009,846,331,452,111,3,147
28.06.2009,1116,166,639,103,13,141
27.06.2009,994,186,593,98,9,138
26.06.2009,896,331,465,84,12,97
25.06.2009,900,410,458,120,11,157
24.06.2009,802,361,381,122,9,148
23.06.2009,818,408,390,106,7,124
22.06.2009,805,300,436,136,13,182
21.06.2009,1148,182,650,126,17,172
20.06.2009,937,216,532,137,15,207
19.06.2009,943,361,492,134,10,165
18.06.2009,910,493,432,115,4,143
17.06.2009,853,385,383,109,11,129
16.06.2009,925,362,428,128,15,154
15.06.2009,912,283,495,112,7,145
14.06.2009,986,154,582,109,12,153
13.06.2009,888,162,504,110,15,152
12.06.2009,961,316,542,105,6,131
11.06.2009,992,196,579,119,21,158
10.06.2009,899,430,476,169,11,207
09.06.2009,888,393,419,116,8,146
08.06.2009,923,297,549,103,10,142
07.06.2009,1372,220,841,111,16,185
06.06.2009,1139,220,671,100,11,121
05.06.2009,987,347,560,128,11,163
04.06.2009,801,341,409,89,7,112
03.06.2009,907,360,389,117,5,152
02.06.2009,952,411,455,105,9,126
01.06.2009,823,295,422,125,7,145
31.05.2009,926,163,507,93,14,127
30.05.2009,902,140,492,109,12,139
29.05.2009,709,402,364,128,10,178
28.05.2009,777,406,337,105,4,135
27.05.2009,769,408,388,108,1,135
26.05.2009,823,366,410,138,11,165
25.05.2009,823,340,445,145,16,177
24.05.2009,1034,176,636,95,6,151
23.05.2009,970,190,554,125,6,178
22.05.2009,892,380,459,132,7,167
21.05.2009,969,486,480,114,14,127
20.05.2009,926,349,426,131,3,162
19.05.2009,839,408,436,103,8,120
18.05.2009,889,355,477,107,17,131
17.05.2009,1016,163,590,100,8,146
16.05.2009,910,243,496,135,10,201
15.05.2009,973,368,518,105,5,118
14.05.2009,848,408,399,118,3,151
13.05.2009,869,388,397,96,3,122
12.05.2009,871,395,421,129,15,168
11.05.2009,875,328,435,107,11,122
10.05.2009,1024,161,617,108,16,156
09.05.2009,1378,232,803,160,14,213
08.05.2009,598,242,289,64,8,78
07.05.2009,802,389,354,102,4,124
06.05.2009,741,357,319,94,7,111
05.05.2009,801,360,349,90,5,124
04.05.2009,816,298,418,94,10,107
03.05.2009,924,121,571,104,13,127
02.05.2009,878,141,537,104,20,143
01.05.2009,967,204,543,123,14,157
30.04.2009,835,439,395,109,11,126
29.04.2009,806,425,399,114,12,128
28.04.2009,817,396,372,116,14,130
27.04.2009,888,330,438,129,7,170
26.04.2009,1027,142,586,145,26,196
24.04.2009,941,380,524,138,10,164
25.04.2009,892,181,528,151,14,189
23.04.2009,879,418,418,100,9,139
22.04.2009,847,350,424,103,5,131
21.04.2009,836,400,409,99,9,108
20.04.2009,820,324,418,102,6,117
19.04.2009,942,151,521,74,13,105
18.04.2009,926,211,502,101,9,137
17.04.2009,871,418,450,94,4,108
16.04.2009,915,382,399,97,9,111
15.04.2009,908,423,439,103,13,121
14.04.2009,974,517,551,109,3,132
13.04.2009,896,156,515,88,10,136
12.04.2009,570,150,344,74,7,114
11.04.2009,924,214,545,99,13,131
10.04.2009,1125,444,555,121,5,161
09.04.2009,1063,393,507,138,13,188
08.04.2009,961,407,455,89,7,101
07.04.2009,914,386,439,109,4,143
06.04.2009,1106,320,655,110,13,130
05.04.2009,1184,156,622,102,12,162
04.04.2009,1096,201,598,124,14,153
03.04.2009,958,385,461,130,8,157
02.04.2009,966,376,461,117,6,133
01.04.2009,923,345,436,98,10,113
31.03.2009,902,438,387,103,5,119
30.03.2009,846,355,394,112,3,150
29.03.2009,927,143,450,80,13,101
28.03.2009,933,178,395,85,10,134
27.03.2009,855,432,395,85,10,134
26.03.2009,770,430,320,64,4,76
25.03.2009,818,401,301,104,7,132
24.03.2009,731,427,311,108,7,122
23.03.2009,684,322,291,103,4,116
22.03.2009,967,146,525,72,14,88
21.03.2009,961,177,415,88,13,113
20.03.2009,955,502,214,99,5,125
19.03.2009,893,404,426,87,7,99
18.03.2009,837,457,325,86,5,102
17.03.2009,780,431,336,80,9,90
16.03.2009,817,364,376,85,10,99
15.03.2009,901,165,463,71,9,108
14.03.2009,894,193,439,78,9,90
13.03.2009,893,410,403,112,6,124
12.03.2009,852,411,390,83,4,97
11.03.2009,883,454,363,76,8,85
10.03.2009,782,425,319,84,7,97
09.03.2009,835,331,387,86,10,118
08.03.2009,842,176,429,81,9,130
07.03.2009,840,160,429,112,10,146
06.03.2009,845,345,393,80,9,85
05.03.2009,361,420,379,68,6,82
04.03.2009,824,393,357,83,10,96
03.03.2009,804,421,322,80,7,93
02.03.2009,695,304,290,74,4,85
01.03.2009,759,156,369,62,9,76
28.02.2009,825,233,382,77,12,103
27.02.2009,753,438,321,95,4,111
26.02.2009,771,379,298,79,6,96
25.02.2009,767,390,312,56,1,74
24.02.2009,730,431,298,86,12,96
23.02.2009,590,326,246,58,10,67
22.02.2009,747,159,369,57,6,85
21.02.2009,623,192,319,65,6,92
20.02.2009,691,428,284,76,7,84
19.02.2009,621,293,235,59,2,72
18.02.2009,578,417,192,75,8,94
17.02.2009,567,441,211,64,11,78
16.02.2009,560,304,236,82,6,120
15.02.2009,729,178,381,65,4,105
14.02.2009,819,169,382,97,12,135
13.02.2009,855,369,406,111,11,140
12.02.2009,766,450,299,108,9,121
11.02.2009,800,395,334,125,13,189
10.02.2009,766,408,329,83,9,124
09.02.2009,687,342,339,102,4,104
06.02.2009,854,368,381,116,12,139
07.02.2009,842,203,440,111,9,138
08.02.2009,864,165,461,99,3,144
05.02.2009,759,406,303,99,10,139
04.02.2009,731,369,308,94,11,114
03.02.2009,578,328,234,69,6,72
02.02.2009,568,426,240,94,11,116
01.02.2009,706,149,335,75,9,112
31.01.2009,717,179,337,127,9,171
30.01.2009,786,397,320,100,10,124
29.01.2009,647,581,250,65,8,80
28.01.2009,709,508,261,63,7,70
27.01.2009,657,450,239,79,7,91
26.01.2009,624,350,261,104,9,149
23.01.2009,682,435,289,102,18,127
24.01.2009,760,226,366,113,27,146
25.01.2009,786,137,402,71,13,95
22.01.2009,709,481,318,88,10,102
21.01.2009,695,445,283,97,11,127
20.01.2009,638,417,260,76,3,87
19.01.2009,623,310,247,119,4,164
18.01.2009,671,144,331,75,6,116
17.01.2009,687,184,328,76,12,94
16.01.2009,679,400,289,101,10,119
15.01.2009,683,408,293,118,13,143
14.01.2009,811,453,376,82,5,99
13.01.2009,593,395,250,81,8,92
12.01.2009,627,375,269,103,3,132
09.01.2009,682,402,277,106,9,135
10.01.2009,647,205,318,98,9,146
11.01.2009,786,192,393,66,13,99
08.01.2009,402,341,170,64,4,81
07.01.2009,414,364,149,83,9,106
05.01.2009,388,276,154,68,1,85
06.01.2009,376,340,146,75,9,90
04.01.2009,435,144,195,54,7,71
03.01.2009,432,186,183,62,5,86
02.01.2009,444,243,221,93,14,118
01.01.2009,817,98,426,75,19,108
30.12.2008,530,386,204,94,3,108
29.12.2008,520,360,219,82,1,94
28.12.2008,535,141,238,42,9,53
27.12.2008,577,314,329,62,14,87
19.12.2008,658,356,303,196,13,221
20.12.2008,726,221,365,178,15,225
21.12.2008,780,175,363,112,12,156
18.12.2008,891,464,373,180,15,244
16.12.2008,632,365,292,127,11,143
17.12.2008,507,322,232,87,10,119
14.12.2008,780,460,172,95,6,135
15.12.2008,631,297,289,148,16,173
13.12.2008,968,563,233,106,22,138
12.12.2008,835,421,423,144,19,173
11.12.2008,747,393,374,118,8,146
10.12.2008,732,405,362,117,14,122
09.12.2008,657,375,301,115,6,135
08.12.2008,701,321,317,149,16,160
07.12.2008,878,192,440,118,17,161
06.12.2008,844,191,429,111,14,148
05.12.2008,767,375,373,138,15,155
04.12.2008,706,375,316,147,16,162
03.12.2008,612,381,269,123,14,129
02.12.2008,740,349,349,135,17,144
01.12.2008,873,344,447,135,1,1
