Data,Rozboje,Bójki i pobicia,Kradzieże z włamaniem,Kradzieże,Wypadki drogowe,Zabici w wypadkach,Ranni w wypadkach,Nietrzeźwi kierujący,Kolizje drogowe
28.03.2016,1,6,21,8,3,0,4,16,53
27.03.2016,2,1,11,9,2,0,4,17,42
26.03.2016,2,2,13,15,10,0,12,21,117
25.03.2016,3,3,24,30,4,1,3,19,142
24.03.2016,2,2,26,53,6,0,8,18,142
23.03.2016,0,0,18,36,5,0,10,17,162
22.03.2016,1,0,25,46,16,3,16,17,178
20.03.2016,5,3,18,23,1,0,2,28,77
21.03.2016,2,2,37,47,3,0,4,23,131
19.03.2016,5,3,28,34,5,0,7,17,117
18.03.2016,4,1,22,50,5,0,5,23,182
17.03.2016,1,1,33,49,6,0,6,23,164
16.03.2016,3,1,21,58,6,0,8,14,165
15.03.2016,3,1,18,49,8,1,9,13,186
14.03.2016,4,1,27,55,10,0,11,16,143
13.03.2016,6,6,20,29,8,0,10,24,66
12.03.2016,6,6,26,34,6,1,10,23,174
11.03.2016,5,1,29,50,7,0,7,22,175
10.03.2016,0,0,16,32,6,0,8,22,159
09.03.2016,1,0,21,45,6,2,4,17,121
08.03.2016,1,0,31,48,5,0,6,26,136
07.03.2016,4,2,29,51,7,0,7,11,161
03.03.2016,3,1,28,39,6,1,5,19,148
04.03.2016,2,0,30,56,4,0,4,19,148
05.03.2016,3,6,28,43,2,0,2,24,94
06.03.2016,2,1,16,22,1,0,1,23,63
02.03.2016,3,0,18,38,5,0,5,21,179
01.03.2016,2,1,25,50,8,1,8,8,216
29.02.2016,2,2,30,68,7,2,5,21,186
28.02.2016,3,2,14,31,5,1,4,22,67
27.02.2016,4,2,18,23,8,0,12,18,123
26.02.2016,1,0,43,55,5,0,7,13,165
25.02.2016,2,3,22,49,6,0,7,11,174
24.02.2016,2,2,38,47,10,1,16,17,173
23.02.2016,4,2,28,47,7,0,10,10,160
22.02.2016,3,5,29,52,4,0,5,13,154
21.02.2016,3,2,26,24,5,0,7,16,88
20.02.2016,1,2,26,30,2,0,3,32,100
19.02.2016,0,2,36,40,10,2,8,17,183
18.02.2016,2,1,26,52,3,1,2,13,154
18.02.2016,3,1,27,40,1,0,1,12,93
17.02.2016,3,2,23,53,3,0,3,8,112
14.02.2016,2,7,16,30,5,1,4,26,77
15.02.2016,5,2,27,33,5,0,8,46,129
13.02.2016,3,2,30,35,8,1,7,16,134
12.02.2016,1,2,28,44,4,0,6,13,174
11.02.2016,3,4,32,40,4,0,6,15,151
10.02.2016,1,2,25,47,11,3,8,11,216
09.02.2016,2,4,28,59,5,0,7,21,140
08.02.2016,2,2,37,52,5,1,5,23,123
05.02.2016,2,1,35,51,7,0,12,45,186
06.02.2016,2,2,28,40,7,2,10,35,102
07.02.2016,2,5,26,26,9,0,10,35,65
04.02.2016,1,0,23,43,5,0,5,13,138
03.02.2016,6,2,33,31,5,2,3,22,156
02.02.2016,2,1,31,44,5,0,5,26,119
01.02.2016,2,2,30,63,10,1,10,19,151
29.01.2016,7,1,40,53,11,0,15,9,198
30.01.2016,5,4,32,30,7,1,7,20,127
31.01.2016,4,4,37,27,4,0,11,18,68
28.01.2016,3,2,31,62,8,0,9,14,166
27.01.2016,2,1,34,45,8,0,8,13,135
26.01.2016,0,1,25,65,5,2,3,8,133
25.01.2016,1,1,23,43,14,1,13,29,162
24.01.2016,2,7,11,22,4,0,4,17,82
22.01.2016,2,1,29,62,6,0,9,17,211
23.01.2016,2,2,18,23,5,0,5,19,98
21.01.2016,4,2,25,49,9,0,14,9,171
19.01.2016,6,2,14,49,3,1,2,9,166
20.01.2016,2,0,30,39,5,0,6,5,174
18.01.2016,5,2,37,35,6,1,5,16,162
17.01.2016,1,1,11,27,2,0,2,13,68
16.01.2016,8,2,25,38,2,0,2,15,133
15.01.2016,3,1,35,39,6,0,6,15,174
14.01.2016,2,1,20,36,6,0,6,9,140
13.01.2016,3,1,33,48,12,0,14,13,238
12.01.2016,6,1,34,52,17,0,17,11,189
11.01.2016,4,2,27,44,6,0,9,13,135
10.01.2016,0,3,10,26,2,0,2,17,83
09.01.2016,2,5,23,27,8,1,9,14,117
08.01.2016,5,1,27,42,8,0,10,11,182
07.01.2016,1,1,29,51,6,0,10,16,115
06.01.2016,1,1,20,18,2,0,3,15,43
05.01.2016,2,3,15,34,7,2,5,2,171
04.01.2016,1,1,26,31,5,1,4,15,100
03.01.2016,0,1,15,12,1,0,1,6,40
02.01.2016,2,2,19,16,1,0,4,10,63
01.01.2016,3,6,17,24,1,0,1,27,44
31.12.2015,4,1,20,24,4,1,3,9,113
30.12.2015,4,2,27,36,5,0,5,17,123
29.12.2015,3,1,24,42,5,0,6,12,112
28.12.2015,1,3,38,48,5,0,5,28,169
27.12.2015,3,3,19,18,9,2,9,21,50
26.12.2015,2,1,21,8,2,0,3,11,40
25.12.2015,4,1,20,9,1,0,4,12,31
24.12.2015,2,4,18,19,4,0,6,21,112
23.12.2015,3,1,29,41,7,0,9,15,218
22.12.2015,1,2,33,41,14,1,14,15,199
21.12.2015,1,1,30,44,18,3,17,16,255
20.12.2015,3,9,25,27,11,1,16,28,86
19.12.2015,5,1,36,35,5,1,5,20,149
18.12.2015,3,2,36,48,16,2,17,15,244
17.12.2015,3,1,26,38,22,3,20,11,217
16.12.2015,3,2,33,46,9,0,11,23,185
15.12.2015,3,4,32,55,6,1,5,11,162
14.12.2015,2,2,27,53,7,1,6,12,140
13.12.2015,3,6,28,26,3,0,5,28,186
12.12.2015,4,2,26,36,9,2,8,24,136
11.12.2015,4,1,20,51,9,2,7,8,199
10.12.2015,3,1,29,52,8,1,9,17,205
03.12.2015,4,0,38,41,7,1,7,16,179
02.12.2015,1,1,29,54,15,2,13,18,194
01.12.2015,2,1,34,44,8,0,8,14,197
30.11.2015,3,3,29,58,14,2,13,27,182
29.11.2015,3,5,26,29,5,0,5,32,93
28.11.2015,3,2,23,37,2,0,3,60,87
27.11.2015,3,1,36,55,5,0,7,9,172
26.11.2015,2,1,29,37,3,0,3,9,168
25.11.2015,5,0,19,42,10,1,9,10,177
24.11.2015,3,0,28,54,5,0,5,6,171
23.11.2015,4,2,30,64,11,1,21,14,228
22.11.2015,2,5,17,27,3,0,4,23,66
21.11.2015,2,4,29,29,10,1,15,16,129
20.11.2015,4,4,30,47,10,1,9,15,186
19.11.2015,5,0,28,50,7,0,8,9,177
18.11.2015,2,2,33,35,4,0,5,12,204
17.11.2015,1,0,29,50,10,1,15,12,161
16.11.2015,1,0,32,61,17,1,19,44,188
13.11.2015,1,1,25,44,8,0,12,21,145
14.11.2015,3,4,25,32,7,0,8,25,122
15.11.2015,1,3,28,22,10,1,10,15,102
12.11.2015,1,5,35,54,2,0,8,19,163
10.11.2015,2,2,35,53,14,2,15,11,181
11.11.2015,5,2,17,24,6,2,9,38,69
09.11.2015,4,1,30,57,10,1,18,18,207
08.11.2015,3,2,20,35,9,0,10,24,111
07.11.2015,4,4,27,37,6,1,11,21,171
06.11.2015,5,2,34,64,7,1,8,6,161
05.11.2015,1,2,28,46,3,0,3,12,146
04.11.2015,3,1,22,46,12,1,23,9,134
03.11.2015,1,0,36,55,7,3,8,13,150
02.11.2015,4,1,31,58,9,0,11,33,161
01.11.2015,4,5,30,22,9,0,12,24,96
31.10.2015,4,3,20,34,6,2,5,28,146
30.10.2015,8,4,23,46,8,0,8,30,230
29.10.2015,3,2,27,57,10,1,12,13,175
28.10.2015,3,1,39,49,7,0,7,18,167
27.10.2015,1,1,24,48,6,0,7,14,188
26.10.2015,2,0,34,40,6,1,5,20,142
25.10.2015,5,3,23,30,5,1,4,46,86
24.10.2015,5,5,31,52,7,1,14,29,134
23.10.2015,3,0,28,53,5,0,5,22,176
22.10.2015,2,1,34,47,12,1,13,7,163
21.10.2015,2,1,28,43,21,2,23,17,188
20.10.2015,2,3,31,58,8,1,7,11,144
18.10.2015,1,4,21,24,6,0,11,40,84
19.10.2015,5,1,33,61,6,0,7,24,140
16.10.2015,2,1,39,53,16,1,26,10,263
17.10.2015,5,2,26,22,12,3,15,31,163
14.10.2015,2,2,19,43,10,0,11,18,163
15.10.2015,4,1,28,33,10,1,9,11,174
12.10.2015,2,0,29,52,17,0,25,51,345
13.10.2015,2,1,20,58,3,0,4,18,133
11.10.2015,3,4,20,27,3,0,4,36,65
11.10.2015,2,1,25,44,9,0,15,19,134
10.10.2015,2,2,25,49,8,0,11,24,204
08.10.2015,1,1,29,43,6,1,6,18,145
07.10.2015,5,1,28,69,11,0,17,19,135
06.10.2015,5,1,24,50,7,2,5,13,128
05.10.2015,5,2,34,63,8,0,11,24,144
04.10.2015,1,4,22,30,4,0,7,31,96
02.10.2015,2,1,25,51,12,1,13,16,191
03.10.2015,3,5,41,36,10,1,9,31,133
01.10.2015,0,1,27,56,13,0,14,19,166
30.09.2015,2,1,24,57,9,4,9,17,183
28.09.2015,4,1,23,51,10,1,11,13,143
28.09.2015,5,3,47,58,12,1,13,23,147
27.09.2015,2,5,20,27,3,0,4,77,72
26.09.2015,6,2,24,29,10,0,16,21,179
25.09.2015,2,0,23,52,5,0,5,19,164
24.09.2015,3,1,22,49,5,0,5,10,153
23.09.2015,6,1,31,36,6,1,8,16,164
22.09.2015,0,0,26,53,18,1,19,15,147
21.09.2015,7,4,30,57,8,0,11,67,129
20.09.2015,6,7,11,35,7,1,8,44,71
19.09.2015,2,3,28,39,8,1,10,22,97
18.09.2015,4,0,31,58,12,0,13,22,163
17.09.2015,1,5,35,48,10,1,8,23,191
17.09.2015,1,1,19,56,4,0,4,26,143
15.09.2015,3,1,32,63,13,1,13,14,144
14.09.2015,7,1,32,70,3,0,3,20,156
13.09.2015,3,2,22,37,5,0,6,50,90
12.09.2015,5,4,23,45,6,0,8,56,110
11.09.2015,4,3,31,52,6,0,7,19,145
10.09.2015,1,3,30,58,10,1,13,18,135
09.09.2015,1,2,27,37,6,0,7,15,131
08.09.2015,1,1,22,63,5,0,5,15,131
07.09.2015,2,1,35,82,15,0,17,17,172
04.09.2015,1,4,32,54,5,2,5,21,173
05.09.2015,4,2,24,45,7,1,12,21,85
06.09.2015,5,3,15,36,10,0,10,19,87
01.09.2015,1,3,17,55,13,1,16,27,149
02.09.2015,6,1,17,54,3,0,3,15,127
03.09.2015,3,1,21,50,6,0,6,23,112
31.08.2015,3,1,36,87,10,0,13,30,158
30.08.2015,2,3,20,40,6,1,10,44,75
29.08.2015,8,2,22,37,8,1,11,47,101
28.08.2015,1,1,29,53,6,1,5,18,148
27.08.2015,6,1,26,51,7,0,7,13,134
26.08.2015,1,1,28,56,8,0,9,15,141
22.08.2015,2,4,23,53,12,2,12,21,91
21.08.2015,2,1,26,53,8,0,9,17,129
20.08.2015,3,4,18,56,14,4,12,15,139
19.08.2015,2,0,18,55,7,1,9,22,148
18.08.2015,2,1,27,67,7,0,8,17,114
17.08.2015,6,3,26,63,12,2,11,52,210
16.08.2015,1,1,12,45,6,0,7,35,98
15.08.2015,4,4,11,29,3,0,4,43,73
14.08.2015,2,3,21,53,7,0,12,25,151
13.08.2015,0,0,27,49,9,0,12,27,121
12.08.2015,2,4,26,66,12,0,13,23,127
11.08.2015,2,5,13,65,14,0,16,18,140
10.08.2015,5,2,22,55,4,1,3,35,134
09.08.2015,0,8,21,31,7,0,9,42,67
07.08.2015,2,0,36,55,10,1,10,23,143
08.08.2015,0,2,18,41,7,0,11,36,86
06.08.2015,7,1,25,61,11,0,14,19,122
05.08.2015,2,1,38,58,7,0,8,20,121
04.08.2015,3,3,31,54,9,1,10,19,139
03.08.2015,3,2,31,68,9,3,8,25,106
02.08.2015,3,4,16,29,4,0,6,30,52
01.08.2015,3,2,26,43,5,0,6,17,83
31.07.2015,2,2,31,47,10,1,10,10,144
30.07.2015,3,1,27,67,6,0,6,14,129
29.07.2015,1,2,29,80,10,0,14,44,153
28.07.2015,2,2,32,61,8,0,8,17,133
27.07.2015,3,3,36,57,9,1,8,68,123
26.07.2015,2,2,20,50,7,1,8,26,63
24.07.2015,4,1,24,62,10,0,11,26,119
25.07.2015,2,4,17,40,2,1,1,45,95
23.07.2015,1,5,29,59,3,0,3,23,120
22.07.2015,7,0,30,57,10,0,13,27,133
21.07.2015,0,4,28,68,6,0,7,33,122
20.07.2015,2,2,27,62,9,1,10,24,119
19.07.2015,4,1,18,38,4,1,5,36,65
18.07.2015,2,0,13,35,5,0,6,48,115
17.07.2015,4,3,24,49,6,0,6,24,138
16.07.2015,5,1,25,66,10,0,11,25,137
15.07.2015,2,1,27,55,2,0,2,16,136
13.07.2015,2,2,23,69,3,0,6,21,156
14.07.2015,2,2,16,49,13,2,17,20,138
12.07.2015,3,3,20,31,3,0,5,36,81
11.07.2015,2,4,17,62,11,1,12,25,93
10.07.2015,3,1,21,49,9,0,9,23,149
09.07.2015,5,1,25,51,9,1,19,17,152
08.07.2015,1,3,23,53,14,0,20,25,202
07.07.2015,6,4,20,48,12,1,12,20,124
06.07.2015,2,1,32,69,13,0,15,31,111
05.07.2015,5,4,18,31,12,1,16,45,80
04.07.2015,5,2,15,35,8,0,10,27,99
03.07.2015,1,1,25,49,10,0,14,22,172
02.07.2015,5,0,20,60,14,1,13,29,138
01.07.2015,3,1,32,54,9,0,9,24,124
30.06.2015,4,2,37,53,8,0,11,19,137
29.06.2015,0,4,48,55,5,1,4,56,141
28.06.2015,4,10,26,28,6,1,10,40,81
27.06.2015,5,5,25,49,8,0,8,27,84
26.06.2015,4,3,26,51,9,0,9,18,157
25.06.2015,4,0,30,56,2,0,2,15,107
24.06.2015,1,3,38,53,7,0,7,18,137
23.06.2015,1,3,36,63,11,0,16,12,166
22.06.2015,2,1,38,71,10,1,11,22,144
21.06.2015,4,4,23,20,7,1,9,35,91
20.06.2015,0,1,26,41,4,0,5,52,115
19.06.2015,3,0,22,58,7,0,7,17,171
18.06.2015,4,3,41,65,10,0,13,21,128
16.06.2015,4,3,24,58,11,0,12,17,144
17.06.2015,0,1,30,57,14,0,16,8,143
15.06.2015,4,1,28,62,10,0,16,28,176
11.06.2015,1,2,35,60,6,1,5,25,148
12.06.2015,3,1,36,73,15,1,65,23,163
13.06.2015,1,7,18,36,8,1,9,30,106
14.06.2015,4,3,19,38,11,2,10,21,90
09.06.2015,2,3,41,54,6,0,7,21,108
10.06.2015,3,3,36,82,2,0,2,23,151
07.06.2015,1,5,15,38,8,1,13,69,79
08.06.2015,6,2,32,83,6,0,8,26,128
05.06.2015,4,2,30,43,8,0,12,19,120
06.06.2015,3,1,25,50,3,0,4,25,107
02.06.2015,3,4,30,62,6,0,7,18,177
03.06.2015,2,1,42,70,8,0,9,12,205
04.06.2015,1,5,19,29,6,0,8,29,44
01.06.2015,6,2,40,80,5,2,8,21,162
31.05.2015,3,4,25,32,9,2,18,25,72
30.05.2015,5,4,30,41,10,0,15,22,114
29.05.2015,2,1,29,83,9,0,10,16,157
28.05.2015,3,0,28,59,5,0,6,14,114
27.05.2015,0,0,38,64,5,0,5,14,106
26.05.2015,2,2,21,58,12,0,14,23,182
25.05.2015,6,2,41,58,7,0,9,14,138
24.05.2015,4,3,19,33,6,0,6,25,70
23.05.2015,3,0,24,46,3,0,5,44,95
22.05.2015,3,2,32,51,6,0,7,14,127
21.05.2015,3,2,33,51,6,0,11,11,143
20.05.2015,4,1,27,62,6,0,5,12,147
19.05.2015,3,2,23,54,3,0,3,14,134
18.05.2015,3,2,34,63,8,2,8,11,171
17.05.2015,2,4,12,33,4,0,4,21,63
16.05.2015,2,2,23,44,10,0,12,26,100
15.05.2015,2,1,35,58,9,0,9,14,163
14.05.2015,4,1,36,48,12,0,12,14,208
13.05.2015,2,1,26,70,7,0,7,45,147
12.05.2015,2,1,26,46,8,0,11,24,171
11.05.2015,4,6,30,60,8,0,8,18,162
10.05.2015,0,2,14,22,5,1,4,88,23
09.05.2015,4,2,15,33,4,0,4,31,119
08.05.2015,3,1,22,68,13,1,13,19,183
07.05.2015,1,1,26,54,10,1,11,36,158
06.05.2015,2,2,34,51,10,0,14,8,167
05.05.2015,5,2,26,88,7,1,6,12,107
04.05.2015,2,1,33,49,13,3,18,44,120
01.05.2015,5,2,19,22,4,0,4,21,65
02.05.2015,3,1,19,26,6,1,7,28,84
03.05.2015,4,3,24,23,3,1,2,29,57
30.04.2015,1,1,35,56,4,0,6,18,176
29.04.2015,7,2,38,47,8,0,7,14,197
28.04.2015,1,0,33,50,11,1,10,14,166
27.04.2015,3,4,23,80,13,0,15,40,178
26.04.2015,6,4,24,25,6,0,7,33,71
25.04.2015,4,5,27,49,12,0,14,31,99
24.04.2015,5,3,27,51,9,0,10,16,169
23.04.2015,1,0,35,58,7,0,8,16,151
22.04.2015,4,3,31,54,9,0,9,29,162
21.04.2015,2,1,34,65,13,0,15,20,150
16.04.2015,6,2,31,67,8,0,8,18,155
15.04.2015,2,1,29,62,4,1,3,24,167
14.04.2015,2,1,30,55,10,0,11,17,138
13.04.2015,10,3,35,58,12,0,14,28,143
12.04.2015,6,5,21,36,6,0,6,26,79
11.04.2015,5,5,27,51,8,2,7,36,114
10.04.2015,2,1,48,50,11,0,12,56,167
09.04.2015,5,2,37,57,7,1,7,18,128
08.04.2015,4,0,32,51,7,1,7,13,122
07.04.2015,3,3,26,41,7,0,8,49,139
06.04.2015,2,3,23,16,5,3,9,29,52
05.04.2015,3,3,20,10,2,0,2,21,35
04.04.2015,5,1,22,21,1,0,3,40,93
03.04.2015,0,2,27,38,13,1,22,30,187
02.04.2015,4,0,23,45,4,1,4,11,222
01.04.2015,3,1,33,54,11,3,23,19,168
31.03.2015,4,3,30,62,15,1,17,14,180
30.03.2015,3,0,31,55,6,0,8,16,174
29.03.2015,1,4,16,29,8,2,11,37,57
27.03.2015,0,1,29,51,6,1,6,20,181
28.03.2015,0,2,40,34,5,3,5,25,86
26.03.2015,6,3,32,53,10,0,11,17,149
25.03.2015,4,4,28,54,13,1,17,13,142
24.03.2015,3,0,36,71,6,0,7,20,153
23.03.2015,1,3,37,62,6,0,6,30,137
22.03.2015,4,1,23,27,3,1,2,33,54
21.03.2015,5,3,42,32,10,1,9,33,106
20.03.2015,7,1,22,52,7,0,11,22,149
19.03.2015,4,0,23,64,6,1,6,23,161
18.03.2015,2,0,24,58,10,0,11,24,122
17.03.2015,5,1,21,66,2,0,2,12,151
16.03.2015,4,2,42,53,4,0,4,70,139
15.03.2015,4,4,26,23,8,0,10,39,72
14.03.2015,2,2,29,47,10,2,10,26,173
13.03.2015,5,0,36,40,7,0,7,20,187
12.03.2015,4,2,32,68,8,1,11,19,155
11.03.2015,4,2,38,57,7,1,8,23,162
10.03.2015,2,1,35,44,3,1,3,15,146
09.03.2015,4,3,40,48,11,0,12,34,146
08.03.2015,2,1,27,38,1,1,0,29,69
07.03.2015,0,5,29,39,7,1,6,39,88
06.03.2015,3,1,20,56,8,0,10,23,159
03.03.2015,0,3,37,58,7,0,8,35,188
04.03.2015,4,1,32,58,6,1,6,20,137
05.03.2015,3,0,29,60,9,2,8,153,22
02.03.2015,2,4,38,57,6,0,6,21,171
01.03.2015,1,1,27,33,3,2,3,27,65
28.02.2015,2,2,34,46,5,0,6,49,89
26.02.2015,2,1,29,72,6,0,8,18,129
27.02.2015,3,2,36,56,6,1,5,59,108
25.02.2015,3,2,32,47,9,0,9,16,146
24.02.2015,2,3,31,60,5,0,6,16,133
23.02.2015,6,3,38,65,4,0,6,62,115
22.02.2015,5,2,25,25,3,0,3,15,47
21.02.2015,1,1,40,47,9,0,11,23,82
20.02.2015,3,0,36,79,5,0,5,18,153
17.02.2015,7,1,24,57,7,0,8,30,162
18.02.2015,3,4,36,52,5,0,5,47,118
15.02.2015,4,2,16,28,3,0,4,28,70
16.02.2015,6,3,30,63,4,0,4,16,90
12.02.2015,6,1,30,44,7,0,10,18,112
13.02.2015,5,3,26,42,6,0,8,29,101
14.02.2015,2,4,17,28,7,0,10,22,96
11.02.2015,2,0,27,44,2,0,9,20,102
10.02.2015,1,1,19,54,6,0,8,18,119
09.02.2015,1,0,24,53,12,2,13,16,199
08.02.2015,1,4,19,23,7,0,15,21,101
07.02.2015,5,3,28,43,8,0,10,32,103
06.02.2015,4,0,31,47,8,0,10,21,117
05.02.2015,1,1,23,48,6,0,8,11,137
04.02.2015,2,1,33,46,7,1,6,17,142
03.02.2015,3,1,41,52,6,0,6,16,134
02.02.2015,1,2,30,41,3,0,5,16,131
01.02.2015,4,2,18,24,4,0,9,25,76
31.01.2015,1,3,31,44,4,0,12,32,125
30.01.2015,1,2,28,54,7,2,9,14,213
29.01.2015,2,2,26,71,3,0,3,15,168
28.01.2015,4,1,30,70,4,0,8,16,126
27.01.2015,3,1,23,49,6,0,7,13,155
26.01.2015,7,3,31,68,5,0,5,27,146
25.01.2015,2,1,18,32,5,0,9,12,143
24.01.2015,1,3,33,37,8,0,13,21,120
23.01.2015,3,2,25,56,8,0,9,24,120
22.01.2015,4,2,34,69,7,1,7,27,134
21.01.2015,3,1,37,53,6,0,9,36,122
20.01.2015,2,3,36,71,5,1,4,14,106
19.01.2015,8,0,42,57,10,2,9,14,107
18.01.2015,1,1,22,23,7,3,9,17,68
17.01.2015,1,7,30,31,8,3,8,30,104
16.01.2015,3,3,33,57,10,0,12,14,173
15.01.2015,3,1,37,61,11,1,12,25,122
14.01.2015,3,3,41,67,11,0,13,18,112
13.01.2015,1,1,38,49,8,0,11,15,122
12.01.2015,5,2,44,51,11,1,10,19,153
10.01.2015,4,1,23,35,9,0,12,17,117
11.01.2015,3,2,44,27,4,2,4,23,73
09.01.2015,3,3,39,62,16,0,22,13,165
08.01.2015,1,2,33,65,5,0,7,13,141
07.01.2015,4,2,35,43,8,0,10,11,126
06.01.2015,3,2,20,22,2,0,2,11,55
05.01.2015,3,2,34,43,8,0,9,11,164
04.01.2015,1,3,25,23,4,0,4,12,146
02.01.2015,3,5,32,47,4,1,4,17,105
03.01.2015,4,1,29,31,4,0,4,12,72
01.01.2015,0,7,15,13,6,0,7,35,49
30.12.2014,2,0,24,42,5,0,5,8,150
31.12.2014,1,2,27,23,10,1,9,9,110
28.12.2014,4,4,21,16,2,0,2,13,54
29.12.2014,1,0,41,50,2,0,2,31,153
27.12.2014,2,1,30,31,2,0,4,15,94
24.12.2014,1,0,22,27,10,5,5,9,121
25.12.2014,2,3,16,7,3,0,6,18,42
26.12.2014,1,4,11,9,4,0,7,17,55
23.12.2014,1,4,28,52,13,0,15,31,181
22.12.2014,2,2,33,61,19,2,20,21,234
21.12.2014,6,6,35,24,8,0,8,35,102
19.12.2014,5,3,41,56,16,0,20,13,237
20.12.2014,3,2,31,40,9,0,11,33,132
18.12.2014,7,2,36,58,12,0,13,13,172
17.12.2014,4,0,40,45,7,0,8,21,183
16.12.2014,6,6,35,58,17,2,19,44,161
15.12.2014,5,1,36,64,20,2,21,21,184
14.12.2014,5,2,36,37,7,0,9,26,77
13.12.2014,0,3,35,45,7,1,8,25,102
12.12.2014,6,1,38,53,17,1,19,21,208
11.12.2014,2,2,36,69,19,0,23,12,173
10.12.2014,2,1,35,47,12,0,15,9,186
09.12.2014,3,1,32,67,13,0,15,19,171
08.12.2014,4,3,37,52,11,1,12,56,165
07.12.2014,1,1,24,29,6,1,6,21,76
06.12.2014,2,4,34,41,9,1,13,24,117
05.12.2014,3,2,28,48,10,1,9,19,168
04.12.2014,2,3,29,42,9,1,10,15,135
03.12.2014,3,1,25,68,4,0,6,19,137
02.12.2014,0,2,35,45,7,1,11,17,161
01.12.2014,2,1,47,49,7,0,7,17,153
30.11.2014,3,3,25,35,2,1,1,35,45
29.11.2014,3,1,34,35,1,1,0,47,85
28.11.2014,2,0,31,54,6,0,6,24,123
27.11.2014,1,1,42,50,6,0,7,19,136
26.11.2014,0,0,47,68,8,2,15,18,136
25.11.2014,1,0,28,56,10,0,11,17,144
24.11.2014,7,3,39,63,6,1,8,17,162
23.11.2014,4,4,21,39,3,1,2,49,46
22.11.2014,5,1,25,41,7,1,7,42,88
21.11.2014,4,2,36,68,14,0,16,15,179
20.11.2014,7,1,33,58,17,0,18,21,169
19.11.2014,3,1,33,58,15,0,15,14,202
18.11.2014,0,3,30,61,11,0,11,14,179
17.11.2014,8,5,34,59,11,1,12,17,110
16.11.2014,3,2,25,25,9,0,12,34,99
15.11.2014,3,4,33,52,7,0,8,30,84
14.11.2014,4,0,26,63,6,0,6,23,168
13.11.2014,4,1,36,51,11,0,17,15,142
12.11.2014,3,2,33,76,7,1,6,39,138
11.11.2014,2,4,34,31,1,0,1,40,67
10.11.2014,3,3,36,54,8,1,11,23,115
09.11.2014,5,0,27,35,11,1,19,35,75
08.11.2014,1,1,33,46,9,0,13,18,177
07.11.2014,2,3,36,54,18,2,19,17,211
06.11.2014,2,0,29,72,9,0,10,20,142
05.11.2014,3,1,28,73,8,0,11,16,152
04.11.2014,2,3,28,61,8,0,9,22,156
03.11.2014,7,5,45,70,8,0,8,47,152
02.11.2014,3,2,30,39,4,0,4,30,74
01.11.2014,5,0,19,20,5,0,6,24,101
31.10.2014,1,1,34,45,7,1,7,23,207
30.10.2014,1,3,20,54,7,0,8,41,178
29.10.2014,6,1,30,60,9,0,9,13,163
28.10.2014,3,0,38,69,11,0,11,18,174
27.10.2014,3,2,44,45,12,1,13,23,171
26.10.2014,2,3,27,32,4,1,3,28,64
25.10.2014,5,3,33,40,8,0,8,27,105
24.10.2014,0,2,31,58,8,1,13,17,145
23.10.2014,2,2,37,55,20,2,20,9,171
22.10.2014,3,2,32,64,13,0,14,18,217
21.10.2014,4,0,27,68,4,1,4,23,141
20.10.2014,5,4,34,71,10,0,13,29,173
19.10.2014,5,4,27,39,13,0,18,29,98
18.10.2014,5,4,27,39,13,0,18,29,98
17.10.2014,8,2,28,56,10,1,13,23,227
16.10.2014,2,1,26,82,8,1,13,21,131
15.10.2014,3,2,25,61,6,0,6,22,145
14.10.2014,4,5,23,68,15,3,24,25,204
13.10.2014,3,1,32,76,11,0,12,26,138
12.10.2014,4,5,18,38,6,0,6,60,72
11.10.2014,5,2,21,47,15,1,19,56,118
10.10.2014,3,0,26,72,17,1,17,37,187
09.10.2014,0,1,35,54,11,2,13,20,175
08.10.2014,2,0,39,55,7,1,7,18,125
07.10.2014,3,3,18,65,9,0,10,21,141
06.10.2014,2,4,36,70,16,1,18,34,167
05.10.2014,11,11,97,189,28,0,31,99,123
01.10.2014,1,1,30,69,5,0,5,21,110
30.09.2014,5,4,25,54,14,0,16,20,154
29.09.2014,7,1,33,81,12,1,15,25,150
28.09.2014,9,1,24,32,6,1,5,91,93
27.09.2014,4,7,30,39,12,0,17,30,110
26.09.2014,2,0,35,62,12,0,18,20,180
25.09.2014,5,3,36,45,7,1,8,19,118
24.09.2014,2,0,40,59,7,0,15,12,149
23.09.2014,4,1,28,70,7,0,8,17,178
22.09.2014,2,2,39,69,11,1,10,59,156
21.09.2014,2,5,27,41,8,0,11,35,92
20.09.2014,1,4,28,28,10,0,14,21,129
19.09.2014,2,1,32,85,19,1,27,23,151
18.09.2014,1,1,31,65,8,0,10,25,146
17.09.2014,2,5,21,82,8,0,8,33,146
16.09.2014,1,3,30,72,11,0,18,54,155
15.09.2014,1,7,33,75,7,0,11,30,146
14.09.2014,2,7,23,32,2,2,0,55,81
13.09.2014,0,4,25,46,8,0,10,50,79
12.09.2014,5,3,41,65,13,1,17,23,167
11.09.2014,1,3,28,63,6,0,9,30,179
10.09.2014,4,1,33,75,11,2,10,29,160
09.09.2014,5,5,31,81,10,1,11,22,147
08.09.2014,7,5,41,71,5,0,7,35,141
06.09.2014,6,3,21,50,14,0,15,26,103
07.09.2014,6,6,27,51,5,0,11,33,70
04.09.2014,3,0,41,70,13,0,15,24,157
05.09.2014,6,1,49,71,16,1,20,26,171
02.09.2014,4,2,24,81,7,0,10,12,132
03.09.2014,3,2,39,79,7,0,8,15,114
01.09.2014,11,7,45,92,5,0,4,23,143
31.08.2014,2,4,31,42,11,1,21,43,104
30.08.2014,3,6,23,46,15,0,20,37,107
29.08.2014,4,2,28,57,12,0,13,26,153
28.08.2014,2,4,27,89,6,0,6,16,139
24.08.2014,3,0,22,23,5,1,6,29,94
25.08.2014,5,1,36,81,6,3,6,27,120
26.08.2014,5,0,35,69,7,0,8,28,197
27.08.2014,0,3,36,89,9,0,10,26,177
23.08.2014,6,3,27,58,8,1,10,30,115
22.08.2014,2,2,38,49,9,1,10,13,126
21.08.2014,5,0,23,52,8,0,13,16,138
20.08.2014,2,0,32,76,8,0,8,21,139
19.08.2014,0,1,22,64,9,1,10,20,166
18.08.2014,4,2,40,100,6,1,5,65,125
17.08.2014,4,3,28,28,4,0,4,19,55
16.08.2014,6,2,27,42,8,1,14,35,99
15.08.2014,3,1,29,39,7,1,7,35,59
14.08.2014,3,4,25,62,8,0,8,17,141
13.08.2014,4,0,32,76,11,0,11,16,132
12.08.2014,2,2,21,62,11,0,14,21,119
11.08.2014,2,0,37,66,10,0,11,27,160
10.08.2014,3,6,19,27,5,1,4,62,74
09.08.2014,6,3,18,56,12,0,16,53,100
08.08.2014,2,1,28,63,12,0,12,22,114
07.08.2014,6,0,19,66,8,0,12,18,113
06.08.2014,2,3,20,64,10,0,10,14,125
05.08.2014,1,4,32,72,9,0,11,21,122
04.08.2014,4,2,51,77,13,0,16,143,27
03.08.2014,1,2,22,33,9,0,10,37,60
01.08.2014,3,1,31,65,8,0,9,22,131
02.08.2014,2,5,23,36,5,2,10,40,77
31.07.2014,2,0,37,70,5,0,7,19,130
30.07.2014,2,1,34,67,10,0,12,55,113
29.07.2014,2,6,33,70,8,0,8,20,100
28.07.2014,7,4,36,76,12,1,17,24,81
27.07.2014,5,7,24,40,11,0,19,63,60
25.07.2014,3,2,46,63,12,2,15,20,113
26.07.2014,5,2,25,52,9,0,14,58,75
24.07.2014,2,4,31,50,11,0,16,22,153
23.07.2014,1,1,25,53,10,2,8,20,141
22.07.2014,2,2,33,73,11,2,13,16,154
18.07.2014,2,0,20,68,12,0,20,33,126
19.07.2014,4,4,22,48,10,0,13,42,117
20.07.2014,5,6,29,42,8,1,8,41,70
21.07.2014,6,2,42,86,9,2,12,29,107
17.07.2014,4,0,33,75,12,1,14,27,130
16.07.2014,3,2,34,66,12,1,14,21,123
15.07.2014,3,2,26,65,8,0,11,19,143
14.07.2014,5,2,34,71,10,1,9,83,150
13.07.2014,1,2,21,42,10,0,10,39,57
12.07.2014,3,1,18,55,5,0,6,25,86
11.07.2014,3,4,37,67,16,0,18,35,143
10.07.2014,3,3,31,67,5,1,5,17,155
09.07.2014,2,1,30,63,7,0,8,28,165
08.07.2014,7,2,28,51,14,1,13,17,129
07.07.2014,3,4,35,85,14,0,17,33,155
06.07.2014,1,5,20,37,11,3,12,44,77
05.07.2014,3,2,26,51,13,1,15,42,102
04.07.2014,4,0,34,63,10,1,10,24,162
03.07.2014,3,0,42,54,9,0,9,24,141
02.07.2014,6,1,28,62,9,0,11,29,123
01.07.2014,1,0,30,69,9,3,7,29,136
30.06.2014,3,3,33,60,14,1,15,17,192
29.06.2014,6,3,22,35,10,2,12,45,81
28.06.2014,4,2,27,42,10,1,14,41,128
27.06.2014,4,3,36,74,7,0,10,23,146
26.06.2014,1,2,24,76,11,0,12,14,140
25.06.2014,3,1,32,55,10,0,12,14,147
24.06.2014,2,2,41,77,7,0,7,18,110
23.06.2014,0,2,49,88,13,0,14,44,150
22.06.2014,0,3,25,39,7,0,7,40,89
21.06.2014,4,0,25,44,3,0,5,30,78
20.06.2014,4,3,36,62,6,0,6,32,114
11.06.2014,2,3,26,86,6,0,10,25,155
10.06.2014,4,0,24,75,14,0,16,27,168
09.06.2014,5,5,33,98,10,0,11,32,177
08.06.2014,3,6,15,34,16,2,17,63,73
07.06.2014,3,3,28,47,6,0,11,44,126
06.06.2014,3,2,46,62,18,0,23,52,190
05.06.2014,1,0,37,63,10,1,15,25,190
04.06.2014,3,0,34,51,9,0,9,18,139
03.06.2014,2,3,38,68,12,3,12,22,160
02.06.2014,4,3,45,75,6,0,7,62,154
01.06.2014,6,0,21,40,4,0,4,36,64
31.05.2014,1,2,39,28,10,1,20,33,113
30.05.2014,5,2,36,64,12,1,13,16,147
29.05.2014,4,1,29,66,19,0,29,25,204
28.05.2014,4,0,38,80,9,1,11,20,139
27.05.2014,3,3,34,66,7,0,8,24,156
26.05.2014,7,5,31,67,16,3,14,17,149
25.05.2014,5,3,21,48,5,0,6,44,73
24.05.2014,1,4,26,54,27,2,37,30,127
23.05.2014,4,3,27,72,3,1,15,32,205
22.05.2014,4,3,37,57,14,0,19,18,160
21.05.2014,2,1,35,60,9,0,9,12,130
20.05.2014,2,3,43,78,13,1,14,21,168
19.05.2014,2,1,49,88,9,0,12,31,125
18.05.2014,2,3,32,36,4,1,5,33,57
17.05.2014,5,1,22,36,14,1,17,43,130
16.05.2014,2,1,45,42,7,0,8,22,205
15.05.2014,2,1,36,55,8,0,9,15,170
14.05.2014,3,3,29,90,16,1,20,24,203
13.05.2014,6,2,37,76,7,1,6,45,142
12.05.2014,8,3,37,87,9,0,10,31,193
11.05.2014,2,2,20,33,5,0,6,29,68
10.05.2014,2,0,30,52,10,1,12,31,133
09.05.2014,3,0,29,52,16,0,22,23,140
08.05.2014,2,1,39,74,10,0,12,55,155
07.05.2014,1,0,29,79,10,0,14,19,140
06.05.2014,4,0,36,65,14,2,16,11,140
05.05.2014,3,2,43,77,6,0,8,39,124
04.05.2014,2,0,35,29,5,0,6,25,67
03.05.2014,3,3,23,20,5,0,6,21,53
02.05.2014,3,5,27,56,3,0,5,33,100
01.05.2014,4,5,29,27,5,1,5,27,74
30.04.2014,1,2,37,71,14,0,14,20,173
29.04.2014,3,3,30,64,11,0,11,14,151
28.04.2014,3,4,28,72,7,3,4,45,141
27.04.2014,6,2,33,29,4,0,9,35,73
26.04.2014,2,2,41,64,4,0,4,25,128
25.04.2014,7,4,38,76,8,0,9,21,151
24.04.2014,0,1,32,66,9,0,11,10,132
23.04.2014,3,2,34,48,5,1,4,28,162
22.04.2014,5,3,50,66,6,0,6,80,135
21.04.2014,1,7,25,13,4,0,4,25,55
20.04.2014,1,6,17,16,4,0,4,25,41
19.04.2014,1,4,26,30,14,3,18,37,97
18.04.2014,2,3,32,54,18,2,22,48,159
17.04.2014,3,1,39,57,17,0,20,10,172
16.04.2014,1,2,25,61,6,0,6,17,155
15.04.2014,6,2,38,65,13,0,17,17,203
14.04.2014,2,1,41,73,12,1,14,27,205
13.04.2014,3,2,23,34,5,0,7,34,70
11.04.2014,8,3,30,63,7,0,8,26,146
12.04.2014,7,2,34,33,7,1,6,32,121
10.04.2014,5,1,27,64,7,0,11,20,224
07.04.2014,3,0,34,76,14,1,15,46,144
08.04.2014,2,4,29,77,9,0,10,29,171
09.04.2014,4,1,34,60,11,1,11,8,138
06.04.2014,4,5,25,32,6,0,7,54,75
05.04.2014,4,4,30,36,7,0,11,32,82
04.04.2014,2,1,43,90,11,0,11,24,164
03.04.2014,4,3,39,73,14,0,18,24,138
02.04.2014,2,2,42,62,4,0,5,15,140
01.04.2014,4,1,46,82,9,0,14,18,131
31.03.2014,7,4,38,61,5,0,5,49,139
30.03.2014,4,4,24,36,11,2,13,34,77
29.03.2014,7,0,37,63,13,1,12,37,101
28.03.2014,1,5,36,59,12,2,15,16,139
27.03.2014,5,1,29,66,11,0,12,17,141
26.03.2014,1,2,41,73,6,0,6,20,133
25.03.2014,2,5,28,72,5,0,6,11,147
24.03.2014,5,2,36,91,8,1,8,38,132
23.03.2014,3,1,23,35,10,2,14,29,91
22.03.2014,2,0,39,43,8,0,9,30,84
21.03.2014,3,0,50,60,18,0,18,22,170
20.03.2014,3,2,48,82,6,0,7,20,152
19.03.2014,4,3,37,67,15,1,18,12,169
18.03.2014,2,2,41,83,12,1,14,55,123
17.03.2014,7,3,55,75,5,0,5,22,135
16.03.2014,3,2,29,33,11,0,15,27,107
15.03.2014,2,0,,46,16,1,23,26,0
14.03.2014,0,0,,66,14,0,15,21,0
13.03.2014,2,5,41,56,10,0,14,27,164
12.03.2014,4,1,35,64,3,1,2,15,130
11.03.2014,2,2,39,73,11,1,11,20,153
10.03.2014,3,5,47,88,8,0,9,19,150
09.03.2014,7,6,25,47,6,1,5,44,60
08.03.2014,10,3,36,40,5,0,7,68,90
07.03.2014,5,3,43,73,4,0,4,28,106
06.03.2014,4,0,41,64,9,0,10,18,93
05.03.2014,3,1,49,90,5,0,5,31,107
04.03.2014,7,1,32,81,8,1,7,22,124
02.03.2014,5,3,31,36,8,1,8,29,55
03.03.2014,5,1,48,81,4,0,4,25,106
01.03.2014,4,2,34,39,9,2,7,33,102
28.03.2014,1,3,46,79,15,1,15,69,157
27.02.2014,1,3,42,90,10,0,12,14,115
26.02.2014,3,3,32,82,11,0,13,17,125
25.02.2014,2,0,37,72,4,0,4,16,118
24.02.2014,5,2,45,85,10,2,8,53,117
23.02.2014,3,4,41,35,4,0,4,31,66
22.02.2014,8,1,38,62,10,0,14,34,98
21.02.2014,2,6,54,55,8,0,8,69,116
20.02.2014,2,2,38,77,13,0,19,16,150
19.02.2014,0,3,52,65,4,1,3,15,179
18.02.2014,3,2,46,67,5,1,5,15,120
17.02.2014,5,3,59,86,7,1,7,30,146
16.02.2014,6,8,33,25,5,0,8,29,58
15.02.2014,6,5,36,45,5,0,8,63,101
14.02.2014,3,3,37,70,9,1,11,24,143
13.02.2014,4,2,48,61,12,0,15,10,158
12.02.2014,4,4,39,69,5,0,5,14,161
11.02.2014,2,2,41,66,6,0,8,17,130
09.02.2014,5,3,25,35,6,0,7,28,55
10.02.2014,7,3,53,87,7,1,6,49,129
08.02.2014,8,3,32,57,10,2,14,29,105
07.02.2014,11,1,46,73,8,1,7,46,196
06.02.2014,4,1,45,83,9,0,24,22,160
05.02.2014,6,0,36,88,5,0,5,14,129
04.02.2014,6,1,46,69,7,2,10,18,147
03.02.2014,4,2,54,85,7,1,6,54,158
02.02.2014,4,3,44,33,7,0,12,27,69
01.02.2014,4,0,,47,3,0,4,34,120
31.01.2014,3,0,,67,11,1,12,19,167
30.01.2014,3,4,44,72,6,1,6,15,132
29.01.2014,3,1,40,76,6,1,9,11,127
28.01.2014,7,1,37,74,9,1,10,18,145
27.01.2014,4,0,33,71,6,1,11,22,149
26.01.2014,5,2,28,31,5,0,7,28,70
25.01.2014,4,4,18,34,2,0,2,27,81
24.01.2014,1,1,32,63,8,1,11,12,112
23.01.2014,6,0,42,47,6,0,8,6,127
22.01.2014,2,0,29,56,6,0,7,17,141
21.01.2014,3,1,24,80,6,0,7,14,192
20.01.2014,4,2,53,65,9,1,9,18,177
19.01.2014,3,4,32,22,4,0,9,34,47
18.01.2014,3,0,,41,6,0,12,32,122
17.01.2014,2,0,,73,12,1,14,21,145
16.01.2014,5,3,45,91,5,0,7,17,159
15.01.2014,2,2,45,67,14,0,16,15,155
14.01.2014,3,0,45,92,7,0,7,14,113
13.01.2014,5,2,41,75,9,1,9,24,106
12.01.2014,4,2,30,34,5,0,7,23,63
11.01.2014,6,3,36,44,5,1,5,35,97
10.01.2014,6,1,47,67,8,0,9,28,150
09.01.2014,4,2,43,72,11,0,14,17,139
08.01.2014,6,1,40,52,10,0,10,13,111
07.01.2014,4,2,57,71,10,0,12,22,116
06.01.2014,5,4,44,32,2,0,5,17,53
05.01.2014,3,2,31,34,2,0,4,21,53
04.01.2014,2,1,32,47,10,1,15,19,129
03.01.2014,9,1,33,67,12,1,10,20,114
02.01.2014,0,4,36,54,4,1,4,14,87
01.01.2014,6,10,22,21,5,3,2,31,39
29.12.2013,3,0,33,30,2,0,4,22,48
26.12.2013,3,1,31,16,2,0,2,21,25
25.12.2013,6,3,26,12,2,0,2,15,45
24.12.2013,2,1,22,28,10,0,13,15,145
23.12.2013,4,2,52,59,21,1,22,20,277
22.12.2013,6,1,49,37,4,1,7,33,130
21.12.2013,3,2,42,48,14,1,13,18,180
20.12.2013,4,0,29,67,10,2,11,26,255
19.12.2013,2,3,44,62,17,1,16,18,172
18.12.2013,4,2,36,53,10,2,12,16,192
17.12.2013,4,0,35,78,19,1,20,14,185
15.12.2013,5,5,32,34,12,2,16,29,108
14.12.2013,2,2,41,46,10,2,11,35,146
13.12.2013,7,2,42,81,12,1,13,26,238
12.12.2013,2,3,48,74,18,2,24,29,214
11.12.2013,2,1,38,56,13,1,13,12,153
10.12.2013,3,1,36,83,15,0,16,29,184
09.12.2013,5,2,36,67,24,2,24,51,202
08.12.2013,9,7,29,40,3,0,3,22,94
07.12.2013,4,2,41,33,10,0,11,20,130
06.12.2013,6,0,52,56,7,1,10,12,192
05.12.2013,2,5,41,85,10,0,10,19,185
04.12.2013,5,1,37,64,12,1,11,17,145
03.12.2013,7,1,40,62,8,0,12,17,140
02.12.2013,3,0,36,89,13,2,16,16,179
01.12.2013,5,5,21,35,7,3,5,53,71
30.11.2013,6,4,36,59,9,0,11,36,110
29.11.2013,0,2,47,55,12,1,11,21,183
28.11.2013,3,2,42,67,17,1,23,18,207
27.11.2013,3,1,30,66,15,3,13,18,167
26.11.2013,3,3,47,83,5,0,10,20,149
25.11.2013,2,3,45,60,18,0,20,15,126
24.11.2013,2,5,42,38,8,2,11,27,76
23.11.2013,3,4,41,58,8,2,11,29,94
22.11.2013,2,4,55,77,10,1,11,29,171
21.11.2013,5,2,42,100,11,3,14,23,148
20.11.2013,0,1,35,93,9,0,11,15,210
19.11.2013,5,3,59,61,4,0,5,11,139
18.11.2013,3,1,45,73,10,2,8,41,128
17.11.2013,6,8,36,36,6,1,7,24,72
16.11.2013,7,2,42,74,6,0,9,32,0
15.11.2013,3,1,43,60,7,1,7,18,154
14.11.2013,4,1,29,83,8,3,6,14,158
13.11.2013,1,4,49,65,5,0,5,19,137
11.11.2013,4,1,34,33,1,0,1,29,50
10.11.2013,8,7,27,46,8,0,12,28,74
09.11.2013,5,6,32,51,16,0,26,28,126
08.11.2013,7,1,37,71,12,0,17,29,198
07.11.2013,6,4,44,80,9,2,9,21,162
06.11.2013,4,0,44,81,14,2,16,19,191
05.11.2013,3,1,23,64,13,1,14,11,186
04.11.2013,5,2,65,89,12,0,12,70,163
03.11.2013,9,3,27,31,3,1,7,34,97
02.11.2013,6,4,39,35,10,1,11,38,81
01.11.2013,3,1,30,39,6,1,5,39,101
31.10.2013,3,0,37,71,12,0,16,24,246
30.10.2013,6,2,48,70,9,0,10,25,169
29.10.2013,6,1,45,78,10,0,10,33,122
28.10.2013,5,3,59,96,10,0,14,44,143
27.10.2013,2,6,42,41,10,2,13,53,99
26.10.2013,9,3,33,64,14,0,17,40,123
25.10.2013,1,2,42,81,10,1,15,48,185
24.10.2013,6,0,38,82,16,0,23,42,174
23.10.2013,6,1,43,92,8,0,8,30,161
22.10.2013,3,3,41,82,18,1,20,42,184
21.10.2013,4,1,60,99,20,1,21,54,157
20.10.2013,5,4,24,35,6,0,6,49,79
19.10.2013,3,4,25,60,16,0,19,57,112
18.10.2013,5,0,28,98,11,3,13,0,177
17.10.2013,4,3,33,72,10,0,14,43,170
16.10.2013,8,1,30,79,26,2,30,18,261
15.10.2013,6,3,33,86,10,0,13,73,165
14.10.2013,7,2,47,96,10,1,13,63,164
13.10.2013,2,6,24,42,16,3,18,57,0
12.10.2013,4,3,37,63,11,0,14,52,133
11.10.2013,7,3,41,76,11,2,9,35,209
10.10.2013,8,2,40,90,7,1,7,41,165
09.10.2013,7,1,39,106,14,0,17,27,154
08.10.2013,5,3,45,79,12,0,13,29,158
07.10.2013,5,2,33,91,8,0,9,0,138
06.10.2013,5,4,24,63,11,1,16,36,71
05.10.2013,8,4,35,52,10,1,13,38,119
04.10.2013,5,3,44,83,16,1,15,32,191
03.10.2013,3,0,39,72,8,1,10,21,156
02.10.2013,6,1,35,76,7,0,9,46,151
01.10.2013,4,4,41,80,8,2,10,25,148
30.09.2013,6,2,48,114,9,0,11,27,190
29.09.2013,4,3,22,33,9,0,13,52,90
27.09.2013,11,0,40,90,8,0,13,24,169
26.09.2013,5,2,39,89,12,0,17,23,165
25.09.2013,7,0,45,87,7,0,7,29,150
24.09.2013,6,4,45,101,19,0,23,31,154
23.09.2013,4,3,41,87,14,1,18,20,196
22.09.2013,4,3,23,44,6,0,12,43,59
21.09.2013,7,5,38,71,15,1,17,55,121
20.09.2013,2,0,42,80,11,0,13,31,144
19.09.2013,2,2,41,83,7,1,10,24,156
18.09.2013,2,3,36,82,16,2,16,23,179
17.09.2013,1,2,29,74,16,3,14,17,213
16.09.2013,5,1,40,93,12,0,12,30,182
15.09.2013,3,4,27,44,5,0,8,58,110
14.09.2013,6,3,32,38,7,1,9,35,118
13.09.2013,6,3,27,87,11,0,11,26,204
12.09.2013,7,2,39,98,14,1,18,22,115
11.09.2013,6,1,41,76,12,0,15,36,210
10.09.2013,6,3,36,95,9,0,10,32,161
09.09.2013,5,6,37,82,18,0,27,108,235
08.09.2013,4,6,24,48,9,2,12,49,86
07.09.2013,7,6,30,65,10,2,12,47,120
06.09.2013,4,1,29,118,20,1,25,28,170
05.09.2013,5,1,37,88,7,0,8,34,144
04.09.2013,0,3,42,115,11,1,13,22,134
03.09.2013,6,0,38,93,13,2,16,20,178
02.09.2013,7,2,50,110,11,0,11,28,143
01.09.2013,4,5,29,58,4,0,7,42,79
31.08.2013,6,2,20,68,7,0,9,35,92
30.08.2013,4,2,41,98,12,0,18,12,144
29.08.2013,5,2,41,98,12,0,18,12,144
29.08.2013,5,2,41,98,12,0,18,12,144
28.08.2013,4,0,38,81,10,1,17,17,125
27.08.2013,4,0,38,81,10,1,17,17,125
26.08.2013,3,10,23,42,4,1,8,37,89
25.08.2013,3,10,24,42,4,1,8,37,42
24.08.2013,5,3,29,80,13,0,18,36,87
23.08.2013,8,1,33,93,7,1,8,22,137
22.08.2013,6,3,39,72,11,2,16,18,92
21.08.2013,7,0,43,91,9,1,11,27,111
20.08.2013,5,0,49,98,14,0,20,26,133
19.08.2013,8,4,44,91,11,0,17,84,121
18.08.2013,1,3,18,43,7,0,8,38,68
17.08.2013,4,2,23,48,13,1,15,35,88
16.08.2013,5,3,44,95,13,0,15,31,106
15.08.2013,5,3,20,42,8,0,14,36,64
14.08.2013,1,1,38,95,18,1,19,65,160
13.08.2013,2,3,34,92,10,1,14,30,123
12.08.2013,3,5,42,93,15,1,17,30,139
11.08.2013,6,3,24,32,7,1,11,51,66
10.08.2013,3,1,30,52,9,1,16,35,124
09.08.2013,5,7,28,67,7,0,7,36,167
08.08.2013,4,2,27,116,7,0,10,34,156
07.08.2013,1,2,27,113,6,0,12,37,121
06.08.2013,4,4,40,93,10,0,11,21,154
05.08.2013,4,1,35,110,16,1,22,34,140
04.08.2013,7,1,29,53,11,2,13,62,69
03.08.2013,4,6,32,64,13,1,16,36,92
02.08.2013,3,2,39,94,13,0,15,29,149
01.08.2013,4,0,42,92,9,0,9,23,133
31.07.2013,6,0,39,108,11,0,13,22,131
30.07.2013,5,3,36,91,8,2,9,23,138
29.07.2013,5,2,36,89,12,0,13,81,119
28.07.2013,3,7,16,42,6,0,8,48,81
27.07.2013,8,6,37,50,8,1,8,50,97
26.07.2013,6,3,31,104,14,0,17,38,157
25.07.2013,6,1,35,113,12,2,12,24,130
24.07.2013,6,0,26,82,13,1,12,24,146
23.07.2013,4,4,45,110,17,0,18,29,149
22.07.2013,7,4,40,98,6,0,7,35,147
21.07.2013,7,2,28,57,11,5,13,57,83
20.07.2013,4,1,34,61,13,0,22,51,100
19.07.2013,5,2,35,85,8,0,11,43,152
18.07.2013,7,3,30,85,13,1,13,23,118
17.07.2013,4,1,33,72,14,0,20,24,133
16.07.2013,5,1,36,100,15,0,20,27,129
15.07.2013,4,2,20,50,9,0,9,37,63
14.07.2013,4,2,20,50,9,0,9,37,63
13.07.2013,3,2,21,46,8,1,11,31,153
12.07.2013,6,1,28,88,9,0,9,29,223
11.07.2013,4,2,35,101,12,0,15,34,143
10.07.2013,8,0,38,91,11,1,13,62,143
09.07.2013,4,2,36,85,11,1,14,27,148
08.07.2013,3,4,33,110,10,0,12,46,135
07.07.2013,8,7,21,57,10,1,12,53,111
06.07.2013,4,4,45,45,8,0,9,33,106
05.07.2013,0,2,29,109,14,2,13,46,109
04.07.2013,7,2,45,83,7,1,9,36,130
03.07.2013,6,1,38,102,13,0,14,29,163
02.07.2013,3,4,36,97,11,0,11,28,144
01.07.2013,3,1,31,83,10,3,8,21,139
30.06.2013,3,2,27,34,6,2,6,46,72
29.06.2013,4,6,36,66,15,0,18,42,122
28.06.2013,4,2,37,71,11,0,14,24,196
27.06.2013,1,3,43,88,5,0,6,22,133
26.06.2013,6,1,43,83,10,0,12,14,173
25.06.2013,6,2,42,92,11,1,13,18,153
24.06.2013,8,2,31,109,6,1,9,70,156
23.06.2013,7,4,18,44,14,0,31,46,84
22.06.2013,6,3,37,83,17,1,26,49,173
21.06.2013,4,3,35,93,9,1,16,35,166
20.06.2013,4,3,35,93,9,1,16,35,166
19.06.2013,5,1,31,95,19,0,22,30,168
18.06.2013,8,6,44,97,13,2,14,30,185
17.06.2013,3,3,44,112,6,0,8,28,176
16.06.2013,8,3,22,46,11,1,14,41,75
15.06.2013,4,7,24,52,12,3,12,41,118
14.06.2013,3,8,42,100,14,0,17,31,157
13.06.2013,6,5,52,100,23,0,26,20,182
12.06.2013,11,1,38,93,9,0,12,30,176
11.06.2013,8,3,40,65,14,1,24,19,225
10.06.2013,10,3,51,97,10,0,11,34,170
09.06.2013,2,2,25,56,11,0,15,56,73
08.06.2013,1,6,37,61,14,0,0,50,129
07.06.2013,2,2,47,107,16,1,18,41,158
06.06.2013,2,3,41,78,5,0,6,62,145
05.06.2013,5,4,50,87,8,1,10,27,173
04.06.2013,4,3,39,80,9,1,11,15,164
03.06.2013,2,2,45,95,11,1,13,22,178
02.06.2013,2,0,25,35,7,0,8,45,86
01.06.2013,7,0,27,56,10,0,18,34,116
31.05.2013,7,3,45,90,13,0,21,34,149
30.05.2013,4,4,19,35,4,0,4,24,60
29.05.2013,4,3,39,95,11,0,11,26,211
28.05.2013,4,2,35,80,11,0,13,15,214
27.05.2013,8,6,36,89,8,0,11,68,139
26.05.2013,10,5,30,48,5,0,6,29,91
25.05.2013,2,4,33,74,8,0,12,38,110
24.05.2013,3,4,43,84,5,0,6,36,141
23.05.2013,6,3,33,98,5,0,7,13,99
22.05.2013,5,6,34,101,8,0,9,20,125
21.05.2013,11,5,36,90,10,1,11,31,152
20.05.2013,10,3,50,126,11,1,11,15,174
19.05.2013,2,4,30,46,7,0,10,47,84
18.05.2013,6,5,47,82,21,2,24,39,106
17.05.2013,10,2,42,103,11,0,15,23,129
16.05.2013,5,1,39,100,14,0,16,28,183
15.05.2013,6,4,44,92,15,0,16,20,151
14.05.2013,3,2,45,92,9,0,12,21,172
13.05.2013,2,4,46,107,7,0,7,61,168
12.05.2013,2,5,26,41,7,0,10,29,124
11.05.2013,5,6,29,63,11,0,13,36,142
10.05.2013,3,0,53,98,12,0,14,22,154
09.05.2013,6,0,41,109,7,0,10,19,147
08.05.2013,5,2,51,109,11,1,13,19,156
07.05.2013,5,2,43,106,4,1,4,22,148
06.05.2013,0,2,54,116,8,0,8,17,142
05.05.2013,9,2,39,36,11,0,14,26,74
04.05.2013,2,2,38,50,8,1,17,34,100
03.05.2013,3,1,34,32,3,0,6,35,76
02.05.2013,8,2,33,58,7,0,10,36,154
01.05.2013,6,2,31,41,5,0,8,43,0
30.04.2013,5,1,34,94,11,1,12,28,151
29.04.2013,6,4,42,90,11,0,12,19,132
28.04.2013,3,5,20,31,5,0,7,27,67
27.04.2013,2,2,32,64,7,1,9,45,107
26.04.2013,3,0,44,90,15,1,28,28,198
25.04.2013,4,2,36,112,13,0,19,28,152
24.04.2013,4,4,36,73,12,0,13,28,134
23.04.2013,5,2,45,96,8,1,7,31,133
22.04.2013,4,3,50,97,4,0,7,75,145
21.04.2013,4,5,48,42,7,1,7,39,68
20.04.2013,8,3,45,57,9,0,13,51,92
19.04.2013,0,3,37,89,9,0,12,42,166
18.04.2013,2,4,45,85,14,0,16,22,167
17.04.2013,6,2,34,94,12,0,12,33,169
16.04.2013,4,2,38,94,9,2,8,33,193
15.04.2013,5,1,55,100,11,0,16,28,133
14.04.2013,3,5,33,43,17,0,19,38,81
13.04.2013,5,3,31,58,9,0,11,36,108
12.04.2013,8,2,44,75,8,0,10,24,145
11.04.2013,5,2,42,75,9,1,15,27,153
10.04.2013,2,0,32,87,6,0,7,37,146
09.04.2013,0,2,45,78,9,0,13,16,168
08.04.2013,5,2,49,97,5,1,4,24,168
07.04.2013,5,2,28,29,2,0,3,38,64
06.04.2013,4,0,45,58,2,0,3,40,101
05.04.2013,4,0,36,78,6,1,5,0,163
04.04.2013,5,1,33,85,5,0,5,11,154
03.04.2013,7,2,37,62,8,0,10,18,211
02.04.2013,4,0,59,72,5,0,6,33,177
01.04.2013,0,0,13,10,2,0,8,16,67
31.03.2013,2,2,22,10,6,0,16,9,113
30.03.2013,5,4,28,47,5,0,5,30,87
29.03.2013,6,0,33,80,12,3,12,41,219
28.03.2013,5,1,43,89,3,0,3,28,147
27.03.2013,5,2,36,82,8,1,9,21,133
26.03.2013,4,2,77,40,3,0,3,20,130
25.03.2013,0,2,50,103,7,1,7,96,128
24.03.2013,3,1,24,31,2,0,2,28,70
23.03.2013,3,2,31,54,7,0,10,27,88
22.03.2013,6,4,43,82,10,1,15,19,219
21.03.2013,7,2,39,87,4,1,5,23,167
20.03.2013,7,1,38,68,6,0,7,19,182
19.03.2013,7,1,38,68,6,0,7,19,182
18.03.2013,5,2,49,79,5,0,6,17,133
17.03.2013,3,2,28,26,5,1,5,26,76
16.03.2013,3,4,42,63,5,0,5,30,80
15.03.2013,0,1,,0,4,0,6,33,140
14.03.2013,1,2,32,92,2,0,2,24,177
13.03.2013,2,1,43,61,8,2,8,16,142
12.03.2013,2,1,43,78,5,1,4,23,156
11.03.2013,2,1,46,91,11,0,13,79,145
10.03.2013,3,6,34,38,0,0,0,38,74
09.03.2013,3,5,40,56,5,0,5,114,116
08.03.2013,2,2,50,81,10,1,11,36,152
07.03.2013,0,4,52,98,18,1,23,20,155
06.03.2013,5,2,67,92,11,1,15,40,152
05.03.2013,2,2,46,103,6,0,7,26,165
03.03.2013,5,5,25,36,3,0,5,32,55
02.03.2013,9,3,43,62,13,0,16,37,74
01.03.2013,8,5,43,101,15,0,17,22,144
28.02.2013,1,3,51,93,4,0,5,17,0
27.02.2013,13,1,52,89,2,1,1,21,118
26.02.2013,2,3,50,87,9,1,8,18,133
25.02.2013,7,3,45,94,9,0,11,27,116
24.02.2013,8,4,36,33,2,0,2,23,63
23.02.2013,8,5,35,61,7,0,7,29,109
22.02.2013,3,4,52,71,9,1,10,21,203
21.02.2013,8,3,43,88,3,0,5,17,133
20.02.2013,6,1,39,82,8,0,10,15,228
19.02.2013,5,1,80,50,11,0,16,13,194
18.02.2013,4,2,51,78,3,0,4,24,125
17.02.2013,4,4,23,43,2,2,0,30,62
16.02.2013,4,3,41,56,3,0,4,34,126
15.02.2013,6,1,48,76,8,0,12,32,149
13.02.2013,3,4,40,81,9,0,10,12,193
12.02.2013,8,3,52,77,4,0,5,21,155
11.02.2013,8,2,47,93,8,0,11,18,141
10.02.2013,5,4,29,43,7,0,9,20,78
09.02.2013,9,5,47,78,9,2,9,28,85
08.02.2013,2,4,40,83,12,0,12,34,156
07.02.2013,6,1,58,73,10,0,12,17,202
06.02.2013,6,1,51,108,9,0,13,15,177
05.02.2013,8,4,44,85,5,0,5,11,120
04.02.2013,6,3,59,100,11,0,15,20,136
03.02.2013,2,1,41,38,6,0,7,20,115
02.02.2013,3,5,36,59,9,2,12,21,102
01.02.2013,3,0,62,67,4,0,5,19,136
31.01.2013,2,3,54,79,5,0,5,20,232
30.01.2013,6,7,39,89,2,0,2,14,164
29.01.2013,6,1,48,97,5,1,4,15,150
28.01.2013,4,2,41,108,11,0,14,11,179
27.01.2013,4,6,26,59,2,0,2,23,68
26.01.2013,3,2,39,45,1,0,1,29,85
25.01.2013,6,4,48,93,8,0,12,42,144
24.01.2013,3,2,49,68,4,0,4,17,106
23.01.2013,2,0,26,70,7,0,8,7,180
22.01.2013,3,1,25,65,6,0,6,12,134
21.01.2013,5,2,49,82,11,0,16,11,230
20.01.2013,3,3,25,33,2,0,4,26,73
19.01.2013,2,1,41,49,5,0,6,18,80
18.01.2013,4,2,36,86,5,0,5,24,190
17.01.2013,4,1,79,41,4,0,4,17,151
16.01.2013,3,1,32,82,5,0,11,15,124
15.01.2013,5,3,31,90,10,0,10,14,126
14.01.2013,4,3,46,83,10,0,10,22,141
13.01.2013,4,1,20,33,1,0,1,22,183
12.01.2013,2,3,32,50,10,0,11,20,130
11.01.2013,5,3,49,75,10,1,10,20,0
10.01.2013,10,0,43,78,8,0,13,22,164
09.01.2013,3,3,33,74,6,1,8,14,198
08.01.2013,1,3,37,68,4,0,4,10,194
07.01.2013,5,2,60,78,5,0,7,13,109
06.01.2013,1,5,23,29,8,1,10,18,77
05.01.2013,1,2,46,51,7,0,9,13,64
04.01.2013,0,3,46,79,17,0,23,8,129
03.01.2013,4,6,39,66,18,3,19,11,116
02.01.2013,2,4,50,106,9,2,9,18,147
01.01.2013,3,6,32,26,4,1,5,29,34
31.12.2012,5,4,56,52,14,1,17,9,150
30.12.2012,0,4,45,59,7,0,8,21,0
29.12.2012,1,2,33,70,7,3,7,10,112
27.12.2012,8,5,43,63,14,1,14,48,122
26.12.2012,1,5,32,19,4,0,6,13,45
25.12.2012,3,1,18,7,4,1,7,14,53
24.12.2012,5,3,25,41,9,3,9,10,104
23.12.2012,2,2,24,48,6,0,10,18,148
22.12.2012,4,3,32,57,8,1,7,24,109
21.12.2012,4,1,41,66,8,1,8,20,144
20.12.2012,1,3,49,91,7,1,7,16,163
19.12.2012,6,2,41,69,8,1,11,18,130
16.12.2012,9,5,44,42,6,2,5,30,100
15.12.2012,1,8,42,76,12,1,11,29,105
14.12.2012,3,3,43,82,10,2,8,36,168
13.12.2012,3,6,50,79,5,0,5,13,158
11.12.2012,7,3,43,71,13,0,19,13,176
10.12.2012,6,2,48,109,10,1,11,0,13
09.12.2012,4,3,26,38,5,0,7,21,77
08.12.2012,1,3,28,52,9,1,9,32,150
07.12.2012,1,3,30,72,15,2,16,16,263
06.12.2012,8,0,49,89,8,0,8,17,202
05.12.2012,3,6,45,86,10,0,14,24,157
04.12.2012,3,2,46,71,10,2,8,12,166
03.12.2012,5,1,57,75,10,0,15,14,151
02.12.2012,4,3,21,50,8,0,10,33,63
01.12.2012,7,5,48,53,24,2,30,69,116
30.11.2012,3,1,52,76,16,0,19,31,183
29.11.2012,4,1,45,88,15,0,16,21,194
28.11.2012,5,2,56,92,7,0,7,24,131
27.11.2012,5,2,56,92,7,0,7,24,132
26.11.2012,4,1,68,102,13,0,16,22,136
25.11.2012,1,6,38,35,5,0,6,27,62
24.11.2012,10,3,33,64,11,4,13,30,92
23.11.2012,8,2,46,83,11,1,11,29,0
22.11.2012,5,1,38,86,14,0,14,22,150
21.11.2012,6,2,46,98,9,0,12,24,134
20.11.2012,5,3,49,103,5,0,6,14,119
19.11.2012,7,7,61,108,5,1,4,38,139
18.11.2012,5,3,41,46,7,1,15,37,66
17.11.2012,4,1,44,64,10,0,10,26,104
16.11.2012,1,3,49,79,9,2,15,30,156
15.11.2012,2,2,48,85,14,0,14,25,139
14.11.2012,5,4,37,91,11,1,12,35,155
13.11.2012,3,2,36,90,7,0,8,28,123
12.11.2012,6,3,39,109,9,2,8,77,162
11.11.2012,6,5,47,46,6,2,9,55,63
10.11.2012,6,9,40,63,6,1,7,36,131
09.11.2012,5,0,48,74,7,0,10,17,161
08.11.2012,5,1,61,95,9,1,9,18,130
07.11.2012,1,2,46,91,8,0,9,17,171
06.11.2012,5,1,52,90,11,1,14,23,135
05.11.2012,7,4,55,96,17,3,18,32,179
04.11.2012,5,10,42,39,5,0,6,43,58
03.11.2012,8,4,58,44,5,0,5,29,101
02.11.2012,6,1,43,74,12,2,14,36,151
01.11.2012,5,5,29,25,6,0,9,23,113
31.10.2012,0,0,,0,15,1,16,23,191
30.10.2012,4,2,42,114,10,0,14,21,171
29.10.2012,3,2,46,83,6,0,6,48,180
28.10.2012,3,2,31,38,11,3,11,19,155
27.10.2012,5,4,39,41,19,0,21,20,0
26.10.2012,4,3,38,95,16,2,19,26,157
25.10.2012,3,2,48,91,10,0,10,12,168
24.10.2012,3,2,53,91,13,1,13,31,154
23.10.2012,3,4,47,92,11,1,11,25,138
22.10.2012,2,4,41,119,12,4,11,32,163
21.10.2012,6,10,30,55,20,0,27,47,80
18.10.2012,2,2,55,90,11,0,11,24,164
17.10.2012,4,2,40,93,22,0,23,37,199
16.10.2012,4,0,43,88,15,2,16,19,212
15.10.2012,8,2,54,107,13,1,12,38,105
14.10.2012,6,3,32,24,6,0,8,46,51
13.10.2012,6,4,33,49,14,2,16,39,115
12.10.2012,4,2,34,88,11,0,12,34,152
10.10.2012,9,1,43,79,9,2,8,23,159
09.10.2012,5,3,43,92,11,0,15,24,163
08.10.2012,3,3,52,107,10,0,10,36,155
07.10.2012,3,7,35,55,11,1,16,39,106
06.10.2012,5,4,42,59,13,2,13,29,114
05.10.2012,3,2,40,94,14,0,17,29,154
04.10.2012,5,5,44,104,12,0,15,26,156
03.10.2012,5,1,32,83,17,2,26,21,159
02.10.2012,7,5,38,81,10,1,9,25,149
01.10.2012,5,3,52,112,8,0,10,35,152
30.09.2012,2,2,27,50,12,0,18,44,85
29.09.2012,5,2,44,74,9,0,10,35,99
28.09.2012,4,3,43,99,14,2,13,30,160
27.09.2012,5,2,38,102,9,0,10,28,139
26.09.2012,6,2,48,99,13,0,15,27,129
25.09.2012,1,4,51,118,11,1,10,32,138
24.09.2012,5,1,55,112,11,1,18,65,121
23.09.2012,4,6,34,44,6,3,7,32,51
22.09.2012,5,5,43,47,9,1,11,22,97
21.09.2012,2,1,38,88,14,1,10,27,165
20.09.2012,6,3,42,99,4,0,6,20,137
18.09.2012,5,1,37,107,12,1,14,28,119
17.09.2012,7,4,55,104,12,2,12,80,145
16.09.2012,4,4,32,56,7,1,9,40,58
15.09.2012,7,8,29,65,12,1,17,27,79
14.09.2012,4,2,44,94,9,1,10,27,147
13.09.2012,6,2,40,83,18,0,22,19,269
12.09.2012,0,2,44,86,13,0,14,25,133
11.09.2012,10,9,58,103,19,2,21,30,162
10.09.2012,10,9,58,103,19,2,21,30,0
09.09.2012,4,6,30,45,9,2,14,40,67
08.09.2012,8,4,33,58,12,1,12,37,106
07.09.2012,4,2,43,80,8,0,9,26,146
06.09.2012,1,2,34,104,13,0,15,22,100
05.09.2012,4,5,53,92,14,0,17,30,131
04.09.2012,3,1,42,113,9,0,11,23,100
03.09.2012,1,5,40,104,10,3,8,31,107
02.09.2012,6,6,32,64,3,0,3,40,55
31.08.2012,2,2,44,79,7,0,7,29,134
30.08.2012,6,2,45,104,13,1,14,30,132
27.08.2012,4,8,28,58,9,0,17,38,70
26.08.2012,4,8,28,58,9,0,17,38,70
25.08.2012,5,5,37,59,15,3,21,38,80
24.08.2012,4,1,37,95,15,0,16,43,142
23.08.2012,5,3,48,101,11,0,13,28,120
22.08.2012,6,3,37,110,11,0,16,28,110
21.08.2012,6,4,38,82,11,0,13,26,109
20.08.2012,4,4,56,97,12,0,17,90,140
19.08.2012,5,5,35,57,10,1,10,51,46
18.08.2012,5,6,33,75,10,3,8,48,89
17.08.2012,3,0,31,106,8,0,9,29,107
16.08.2012,3,2,49,110,10,3,11,24,129
15.08.2012,1,6,35,47,3,0,3,42,50
14.08.2012,5,1,39,100,14,1,18,28,126
13.08.2012,4,1,45,90,11,1,12,71,130
12.08.2012,2,4,20,39,7,0,7,39,68
11.08.2012,0,2,24,55,11,2,22,42,135
09.08.2012,3,3,46,110,8,0,10,23,112
08.08.2012,7,2,41,101,12,1,12,22,107
07.08.2012,5,1,36,85,12,1,20,32,131
06.08.2012,3,1,55,122,14,0,23,91,0
05.08.2012,2,5,26,35,8,1,14,46,67
04.08.2012,6,4,36,64,11,1,18,55,82
03.08.2012,3,1,37,91,9,0,12,29,135
02.08.2012,5,1,37,105,11,0,16,39,113
01.08.2012,4,5,47,74,11,0,13,25,123
31.07.2012,3,3,36,100,6,0,9,25,110
30.07.2012,3,7,54,124,7,0,8,35,120
29.07.2012,4,9,17,58,6,1,7,46,73
28.07.2012,5,3,37,65,13,1,20,38,103
27.07.2012,2,2,58,109,9,0,11,33,109
26.07.2012,4,2,38,96,7,2,7,20,100
25.07.2012,3,1,45,99,14,1,16,36,125
24.07.2012,10,4,54,85,9,0,11,32,116
23.07.2012,6,3,50,107,17,4,19,38,128
22.07.2012,9,4,28,44,3,0,6,56,68
21.07.2012,7,0,49,60,13,2,18,46,85
20.07.2012,2,1,47,92,16,1,24,29,102
19.07.2012,3,3,40,85,11,2,13,15,0
18.07.2012,3,1,58,75,14,2,15,25,0
16.07.2012,3,2,55,101,12,1,14,30,150
15.07.2012,5,6,39,44,10,0,12,52,63
12.07.2012,1,2,32,88,11,1,14,28,140
10.07.2012,6,8,48,118,18,0,38,27,125
09.07.2012,6,4,40,107,12,2,15,31,128
08.07.2012,7,9,16,64,7,5,7,45,66
07.07.2012,4,4,36,81,14,0,15,43,92
06.07.2012,2,3,44,77,12,0,12,56,136
04.07.2012,5,3,54,101,14,0,18,34,135
02.07.2012,2,3,44,112,6,0,7,33,131
01.07.2012,5,7,17,59,71,2,22,55,77
30.06.2012,6,8,33,73,3,0,3,49,91
29.06.2012,1,3,47,111,18,1,24,46,151
28.06.2012,1,4,36,108,10,1,14,25,100
27.06.2012,1,1,51,125,13,0,15,23,121
26.06.2012,4,1,36,123,8,0,11,25,105
25.06.2012,2,2,50,110,6,0,6,39,140
24.06.2012,6,0,19,62,15,2,20,68,72
23.06.2012,3,2,26,68,15,1,24,55,103
22.06.2012,4,4,47,93,15,0,18,54,125
21.06.2012,4,1,34,109,11,0,16,27,143
20.06.2012,4,0,41,123,10,0,15,25,126
19.06.2012,3,3,35,88,11,1,17,21,149
18.06.2012,4,6,50,128,11,2,13,35,138
17.06.2012,5,7,32,45,10,1,9,46,62
16.06.2012,2,1,40,59,14,2,13,40,115
15.06.2012,2,1,51,145,12,1,16,30,145
14.06.2012,2,3,42,83,10,0,15,19,175
13.06.2012,4,2,30,84,9,1,9,22,122
12.06.2012,4,2,30,84,9,1,9,22,122
11.06.2012,6,5,57,140,7,0,9,26,110
10.06.2012,4,10,33,57,9,2,12,60,85
09.06.2012,4,10,33,57,9,2,12,60,85
08.06.2012,4,0,40,96,7,0,8,33,112
06.06.2012,4,1,45,108,7,0,8,27,134
05.06.2012,3,6,46,106,7,0,10,16,154
04.06.2012,6,2,56,130,7,0,7,20,150
03.06.2012,9,4,32,52,6,2,7,31,58
02.06.2012,9,4,46,82,7,0,11,42,85
30.05.2012,2,2,51,94,20,2,25,18,114
29.05.2012,3,2,52,106,7,1,5,16,130
28.05.2012,6,6,53,131,16,0,23,22,167
27.05.2012,7,4,29,47,10,0,12,54,63
26.05.2012,2,3,44,72,8,0,9,41,102
25.05.2012,3,4,35,129,15,1,14,28,142
24.05.2012,2,3,44,123,9,2,8,33,151
19.05.2012,5,2,34,55,15,2,16,44,0
18.05.2012,7,4,44,100,19,3,23,27,151
17.05.2012,2,2,43,102,8,0,11,24,151
16.05.2012,6,1,41,101,7,1,6,30,123
15.05.2012,7,3,60,108,3,0,3,21,116
11.05.2012,5,5,43,108,14,1,16,35,177
09.05.2012,3,3,49,106,13,0,13,14,142
08.05.2012,1,2,44,110,16,1,17,17,158
30.04.2012,11,3,51,116,11,2,11,81,177
29.04.2012,8,9,23,43,10,1,12,44,78
28.04.2012,4,7,36,66,9,0,12,49,122
27.04.2012,6,3,54,93,18,0,22,33,196
25.04.2012,7,2,52,105,9,0,11,25,138
24.04.2012,4,0,46,105,6,2,6,21,146
23.04.2012,1,3,45,113,5,0,7,25,149
22.04.2012,4,9,30,47,9,0,15,35,42
21.04.2012,3,1,56,80,15,1,14,50,101
20.04.2012,5,2,41,95,23,0,28,29,163
19.04.2012,2,4,51,84,9,0,10,31,111
18.04.2012,6,1,54,94,6,1,6,27,103
17.04.2012,4,0,36,95,7,0,8,22,122
16.04.2012,6,3,49,103,11,1,10,62,158
15.04.2012,7,5,28,39,6,0,12,34,86
14.04.2012,6,7,50,59,9,1,10,42,108
13.04.2012,3,2,55,118,10,2,9,28,151
12.04.2012,12,1,58,103,13,1,13,27,120
10.04.2012,2,7,59,101,11,0,16,41,121
09.04.2012,3,0,29,18,8,0,8,24,52
08.04.2012,2,6,16,18,5,0,7,30,43
07.04.2012,1,7,26,42,6,1,6,46,76
06.04.2012,11,2,64,95,7,0,7,35,127
05.04.2012,9,3,50,103,7,0,10,40,117
04.04.2012,9,4,47,127,13,0,15,33,165
03.04.2012,4,1,55,86,3,0,4,21,132
02.04.2012,7,2,68,114,4,0,4,25,107
01.04.2012,2,5,47,35,6,0,7,20,68
31.03.2012,10,2,56,51,8,0,9,39,125
30.03.2012,10,3,49,88,17,2,16,15,160
29.03.2012,8,5,41,124,9,0,9,13,129
28.03.2012,2,4,59,97,8,8,23,37,102
27.03.2012,3,3,40,89,8,0,8,15,131
26.03.2012,4,4,47,107,12,0,20,27,166
25.03.2012,5,6,33,46,7,0,8,49,62
24.03.2012,9,8,46,71,9,0,20,89,94
23.03.2012,7,3,47,75,16,1,18,32,152
22.03.2012,6,2,46,102,9,0,9,40,110
21.03.2012,12,4,50,84,8,1,11,28,103
20.03.2012,2,1,54,107,10,0,12,27,132
19.03.2012,8,2,70,105,5,2,4,39,133
18.03.2012,10,7,44,46,9,0,9,43,65
17.03.2012,4,8,47,55,12,1,16,39,110
16.03.2012,4,6,63,89,9,0,9,33,154
15.03.2012,6,3,63,103,18,0,25,28,178
14.03.2012,4,5,62,85,10,0,16,25,131
13.03.2012,6,2,64,100,10,0,10,18,111
12.03.2012,2,4,60,97,18,1,27,23,164
11.03.2012,5,7,36,47,9,0,9,45,55
10.03.2012,8,4,50,79,9,1,11,110,118
09.03.2012,3,2,55,88,5,0,8,38,144
08.03.2012,4,2,60,88,9,1,10,15,131
07.03.2012,8,0,61,108,8,2,9,21,128
06.03.2012,3,3,54,82,8,1,11,19,0
05.03.2012,5,3,61,111,6,0,7,61,133
04.03.2012,6,4,35,49,4,0,5,33,43
03.03.2012,8,7,64,69,5,0,5,34,107
02.03.2012,10,1,43,89,6,0,7,27,130
01.03.2012,6,1,49,92,11,1,13,23,127
29.02.2012,4,2,54,90,9,0,9,15,128
28.02.2012,5,2,34,82,10,0,13,21,168
27.02.2012,5,0,56,119,4,0,7,21,121
26.02.2012,4,3,43,48,7,0,10,33,68
25.02.2012,11,4,55,64,6,0,7,23,101
24.02.2012,5,2,53,99,7,0,8,30,188
23.02.2012,3,2,48,113,5,1,5,19,169
22.02.2012,6,2,65,96,2,0,3,25,0
21.02.2012,6,4,39,78,8,0,8,17,146
20.02.2012,7,5,50,119,5,0,5,52,179
19.02.2012,2,4,31,46,9,1,10,26,70
18.02.2012,6,4,38,34,6,0,8,26,94
17.02.2012,7,2,41,84,12,4,12,19,188
16.02.2012,4,2,40,65,11,2,13,11,179
15.02.2012,5,0,38,69,14,0,19,15,293
14.02.2012,11,4,73,95,9,0,12,19,146
13.02.2012,11,0,43,89,14,2,14,54,180
12.02.2012,8,3,45,41,5,0,7,20,140
11.02.2012,7,8,22,60,5,0,7,22,132
10.02.2012,4,3,52,73,10,0,14,25,192
09.02.2012,3,0,58,76,13,1,15,15,167
08.02.2012,5,3,42,86,6,0,12,12,121
08.02.2012,5,3,42,86,6,0,12,12,121
07.02.2012,1,1,55,74,5,0,5,15,123
06.02.2012,3,0,45,80,9,1,14,17,117
05.02.2012,1,2,37,42,2,1,1,15,41
04.02.2012,4,2,51,33,2,1,2,14,76
03.02.2012,6,1,39,79,7,0,7,11,138
02.02.2012,6,1,40,73,11,1,12,9,103
01.02.2012,2,3,57,62,5,0,6,10,114
31.01.2012,5,2,55,81,6,0,11,11,129
30.01.2012,4,4,53,110,6,0,0,22,115
29.01.2012,1,3,34,36,1,0,2,20,46
28.01.2012,4,3,38,61,6,1,10,34,79
27.01.2012,6,2,40,77,8,1,7,30,126
26.01.2012,6,3,53,68,13,1,13,15,137
25.01.2012,3,3,66,105,6,1,9,13,146
24.01.2012,7,3,59,94,12,0,12,13,128
23.01.2012,11,4,77,94,8,3,6,26,142
22.01.2012,1,4,35,37,4,0,4,23,58
21.01.2012,5,5,41,60,7,3,9,48,105
20.01.2012,9,5,53,61,8,1,12,18,162
19.01.2012,3,4,66,99,9,0,9,30,145
18.01.2012,0,1,45,87,7,0,9,17,140
17.01.2012,0,1,50,87,11,0,16,21,168
16.01.2012,4,1,53,104,8,1,8,14,163
15.01.2012,4,4,26,45,3,0,9,17,94
14.01.2012,3,2,32,59,11,1,22,31,234
13.01.2012,7,6,62,86,9,0,13,24,183
12.01.2012,12,4,68,107,16,3,23,24,123
11.01.2012,5,2,63,107,20,1,20,28,128
10.01.2012,3,1,64,98,12,1,14,10,167
09.01.2012,8,2,71,103,12,0,16,16,129
08.01.2012,4,2,46,28,14,1,15,19,74
07.01.2012,5,1,66,55,7,1,6,26,91
06.01.2012,4,3,38,29,7,0,7,20,55
05.01.2012,8,3,68,96,7,0,15,13,151
04.01.2012,7,3,51,82,16,2,15,15,136
03.01.2012,4,4,50,83,14,0,17,19,121
02.01.2012,8,9,44,97,12,2,13,23,95
01.01.2012,4,6,29,20,5,2,6,29,34
31.12.2011,4,3,44,55,9,2,10,25,119
30.12.2011,6,3,77,94,9,0,9,19,121
29.12.2011,3,3,55,79,8,1,9,16,105
28.12.2011,7,5,52,88,5,0,5,16,109
27.12.2011,13,3,65,70,12,2,13,48,114
26.12.2011,4,6,25,25,6,0,10,11,80
25.12.2011,5,2,29,10,6,1,6,11,31
24.12.2011,5,0,38,35,7,1,6,12,66
23.12.2011,2,4,57,73,6,0,8,26,318
22.12.2011,3,1,44,86,14,1,17,11,206
21.12.2011,2,2,68,64,18,1,27,19,367
20.12.2011,7,2,52,92,11,1,11,14,155
19.12.2011,5,3,59,106,11,0,12,18,0
18.12.2011,6,6,49,39,6,0,8,16,77
17.12.2011,3,6,57,69,20,1,24,41,106
16.12.2011,7,1,55,93,21,0,23,23,195
15.12.2011,3,2,46,100,13,1,14,27,154
14.12.2011,6,5,46,97,22,2,23,14,146
13.12.2011,3,2,45,99,13,1,17,19,179
12.12.2011,6,6,81,132,14,1,14,52,141
11.12.2011,4,5,51,57,9,1,14,28,95
10.12.2011,3,3,41,56,27,2,31,25,144
09.12.2011,11,4,47,96,15,5,16,25,196
08.12.2011,1,2,49,79,16,2,15,14,142
07.12.2011,3,2,52,119,12,0,16,25,195
06.12.2011,0,7,42,95,15,2,16,14,150
05.12.2011,5,0,63,114,21,0,24,62,195
04.12.2011,3,10,50,52,15,1,15,52,88
03.12.2011,10,3,46,61,9,0,9,30,149
02.12.2011,8,1,62,98,10,0,11,25,147
01.12.2011,11,5,49,100,17,0,20,31,163
30.11.2011,3,0,56,84,18,1,19,21,237
29.11.2011,4,2,62,106,11,0,11,16,153
28.11.2011,7,5,59,118,10,1,12,35,134
27.11.2011,10,7,33,50,8,1,8,42,59
26.11.2011,3,2,55,68,5,1,5,48,111
25.11.2011,4,3,52,111,16,1,20,21,155
24.11.2011,4,3,42,93,12,1,12,16,110
23.11.2011,4,6,47,114,11,0,13,19,120
22.11.2011,7,4,57,101,14,2,15,19,101
21.11.2011,11,5,50,114,14,0,20,27,116
20.11.2011,11,8,49,38,8,1,8,34,74
19.11.2011,4,3,41,70,4,0,4,34,88
18.11.2011,8,3,49,106,9,1,9,22,104
17.11.2011,6,3,58,99,6,1,6,23,122
16.11.2011,5,1,42,94,9,0,10,16,110
15.11.2011,3,0,51,91,18,2,23,19,110
14.11.2011,7,3,62,105,5,0,5,70,152
13.11.2011,8,5,32,39,4,1,5,27,59
12.11.2011,2,3,32,69,9,1,20,38,112
11.11.2011,7,2,35,55,8,1,12,48,50
10.11.2011,6,3,44,109,15,0,15,46,164
09.11.2011,7,2,45,109,13,1,15,21,150
08.11.2011,4,4,38,100,12,0,16,22,141
07.11.2011,5,5,56,104,9,2,8,29,150
06.11.2011,6,6,37,60,7,0,8,40,68
05.11.2011,4,8,49,71,17,1,20,41,93
04.11.2011,3,2,58,124,10,0,12,25,149
03.11.2011,5,1,56,93,14,1,18,19,120
02.11.2011,8,2,59,111,10,1,10,43,161
01.11.2011,6,4,29,41,7,0,7,37,92
31.10.2011,7,6,73,91,8,0,8,20,156
30.10.2011,12,5,40,45,9,0,11,48,71
29.10.2011,2,6,43,65,5,0,10,38,120
28.10.2011,6,4,48,96,17,5,13,37,183
24.10.2011,2,4,47,111,4,0,5,38,129
23.10.2011,4,5,51,64,8,0,16,30,78
22.10.2011,4,1,42,73,11,1,11,33,124
21.10.2011,4,0,44,115,9,0,9,37,175
19.10.2011,6,0,45,97,17,3,19,34,160
18.10.2011,5,8,46,105,12,0,14,16,152
17.10.2011,2,3,53,98,10,2,10,70,180
15.10.2011,3,4,33,71,10,1,14,43,135
14.10.2011,3,7,35,93,12,1,12,32,174
13.10.2011,7,1,54,89,9,1,9,42,178
11.10.2011,8,2,54,107,24,0,27,28,203
10.10.2011,8,1,39,105,9,1,10,18,174
09.10.2011,6,8,36,52,12,0,17,20,108
06.10.2011,7,2,48,120,11,1,19,20,168
05.10.2011,6,2,42,103,15,0,19,24,129
04.10.2011,8,4,53,119,19,2,24,34,158
03.10.2011,4,5,56,129,15,1,15,55,91
02.10.2011,12,5,25,61,16,2,17,31,71
01.10.2011,7,5,36,77,12,2,16,42,132
30.09.2011,2,3,42,107,17,0,18,28,188
29.09.2011,10,3,35,100,15,1,15,29,161
28.09.2011,3,3,48,103,11,1,11,34,155
27.09.2011,6,5,38,89,9,0,9,34,172
26.09.2011,10,1,58,113,12,2,14,38,136
25.09.2011,5,6,34,41,14,1,15,42,80
24.09.2011,10,2,41,75,13,1,14,51,138
23.09.2011,4,4,39,108,16,1,17,33,148
22.09.2011,5,4,40,121,7,0,8,30,122
21.09.2011,5,2,47,98,12,0,15,30,129
20.09.2011,4,6,36,106,13,0,14,24,177
19.09.2011,6,2,54,110,12,0,11,80,144
18.09.2011,8,3,35,54,16,0,27,35,59
17.09.2011,9,3,42,97,11,1,10,35,100
16.09.2011,6,1,36,107,13,2,17,47,157
14.09.2011,6,2,46,124,16,0,19,39,161
12.09.2011,7,4,31,45,13,0,18,66,63
11.09.2011,7,4,31,45,13,0,18,66,63
10.09.2011,7,3,44,89,14,1,18,43,90
09.09.2011,2,0,51,102,9,0,10,28,186
08.09.2011,1,3,41,87,10,1,14,19,168
07.09.2011,6,2,40,93,7,0,8,48,149
06.09.2011,1,1,39,107,16,1,16,32,144
05.09.2011,7,5,44,127,10,0,11,41,143
04.09.2011,13,8,29,66,7,0,12,48,85
03.09.2011,2,7,28,91,15,2,20,62,119
01.09.2011,3,2,48,112,20,2,19,30,161
30.08.2011,2,3,49,113,11,0,11,23,138
29.08.2011,7,8,45,126,15,2,22,39,135
28.08.2011,10,3,29,50,10,3,15,51,80
27.08.2011,8,7,40,98,11,3,9,71,125
26.08.2011,4,3,52,118,14,6,17,68,160
25.08.2011,5,1,41,113,14,1,18,31,153
24.08.2011,3,3,42,132,18,2,17,26,119
23.08.2011,5,3,37,131,18,1,18,43,149
22.08.2011,3,7,59,138,15,3,17,94,143
21.08.2011,7,8,36,50,9,1,10,45,89
20.08.2011,12,5,45,76,12,3,12,42,99
19.08.2011,6,4,47,106,16,1,21,36,166
18.08.2011,5,4,44,117,12,1,18,31,124
17.08.2011,5,1,37,140,3,0,3,37,102
16.08.2011,4,1,59,117,18,3,29,26,147
15.08.2011,5,7,42,40,4,1,3,61,78
14.08.2011,3,7,21,62,15,1,21,82,83
13.08.2011,4,2,39,71,12,0,12,52,136
12.08.2011,3,1,66,115,21,0,28,50,156
11.08.2011,5,1,27,98,9,0,11,29,173
10.08.2011,3,4,43,109,8,1,7,37,111
09.08.2011,3,4,49,114,18,0,28,23,136
08.08.2011,3,2,46,120,16,1,17,27,147
07.08.2011,5,6,29,39,8,0,8,63,84
06.08.2011,5,4,46,61,12,1,15,45,91
05.08.2011,6,1,36,104,8,0,13,26,126
04.08.2011,3,6,44,114,13,0,18,34,142
03.08.2011,2,4,41,98,10,1,11,30,120
02.08.2011,11,4,52,108,11,2,10,24,125
01.08.2011,3,2,61,126,11,0,19,24,161
31.07.2011,8,6,35,46,10,1,21,37,86
30.07.2011,4,4,40,81,8,0,11,51,57
28.07.2011,3,4,62,100,10,1,11,28,133
27.07.2011,7,3,52,115,11,0,14,19,145
26.07.2011,7,0,49,95,10,1,10,23,131
25.07.2011,10,0,57,100,5,0,5,67,159
24.07.2011,9,4,28,52,5,0,8,52,69
23.07.2011,9,2,46,75,11,0,14,36,103
22.07.2011,3,1,40,98,9,2,9,27,212
21.07.2011,4,1,53,101,11,0,18,26,173
20.07.2011,4,3,38,99,10,1,14,27,238
19.07.2011,7,5,32,108,6,0,8,23,119
18.07.2011,9,9,47,95,11,1,12,89,111
17.07.2011,10,2,32,48,15,2,18,49,84
16.07.2011,7,5,28,72,12,1,13,34,110
15.07.2011,6,0,36,105,20,3,20,32,188
14.07.2011,9,4,43,83,15,1,24,22,160
13.07.2011,6,4,46,104,10,0,14,32,144
12.07.2011,5,4,42,121,11,1,15,37,114
10.07.2011,6,5,29,47,7,0,11,58,76
09.07.2011,13,8,46,77,10,0,18,55,97
08.07.2011,6,5,47,97,9,0,11,30,138
07.07.2011,9,3,43,101,16,0,16,33,123
06.07.2011,7,1,55,101,14,1,13,32,123
05.07.2011,8,2,51,109,6,0,8,32,127
04.07.2011,5,1,66,113,11,2,18,61,157
03.07.2011,7,6,19,50,11,0,18,39,109
30.06.2011,5,1,51,86,11,1,11,24,158
29.06.2011,8,4,48,109,10,2,9,30,157
28.06.2011,8,6,56,112,8,0,11,29,122
27.06.2011,5,5,56,130,14,0,17,68,149
26.06.2011,4,6,32,54,7,0,9,30,57
25.06.2011,11,3,36,69,7,1,10,44,102
24.06.2011,6,8,40,116,11,1,12,51,115
23.06.2011,10,2,27,49,7,2,8,38,52
22.06.2011,4,4,49,112,16,1,20,42,196
21.06.2011,0,2,47,114,15,0,20,28,144
20.06.2011,7,4,57,123,13,2,15,20,145
19.06.2011,7,6,23,56,9,1,12,44,82
18.06.2011,11,3,32,71,9,1,10,43,97
17.06.2011,6,1,40,93,7,0,8,46,162
16.06.2011,7,5,49,102,14,0,18,40,146
15.06.2011,11,4,37,125,14,0,19,15,160
14.06.2011,8,4,44,118,13,0,18,26,136
13.06.2011,8,3,51,115,16,0,23,101,152
12.06.2011,6,5,29,63,9,0,9,59,87
11.06.2011,8,3,46,57,13,1,14,49,106
10.06.2011,10,3,45,88,13,3,15,39,147
09.06.2011,2,6,52,97,8,0,8,29,0
08.06.2011,6,2,42,118,11,0,13,29,145
07.06.2011,5,2,49,142,11,0,15,36,140
06.06.2011,10,8,51,116,20,1,25,80,137
05.06.2011,7,11,45,57,12,1,11,48,208
04.06.2011,3,5,37,70,19,1,28,48,115
03.06.2011,5,1,39,86,2,0,2,15,168
02.06.2011,11,5,35,106,9,0,9,34,130
01.06.2011,4,4,43,115,11,0,15,28,140
31.05.2011,5,2,56,114,16,0,22,32,147
30.05.2011,5,3,56,132,15,1,16,30,141
29.05.2011,4,8,47,56,15,2,25,36,93
28.05.2011,5,5,46,65,13,0,17,21,155
27.05.2011,6,4,40,117,19,1,26,41,154
26.05.2011,11,7,56,108,17,1,21,21,182
25.05.2011,4,4,60,124,9,2,6,33,148
24.05.2011,8,0,55,117,13,1,15,22,171
23.05.2011,11,3,63,116,9,0,11,37,136
22.05.2011,3,8,26,58,16,0,24,41,68
21.05.2011,4,7,34,84,10,1,13,35,111
20.05.2011,7,3,44,95,17,0,22,28,158
19.05.2011,7,1,57,98,15,1,15,29,168
18.05.2011,4,9,42,128,16,1,18,37,146
17.05.2011,10,5,50,123,10,1,10,29,119
16.05.2011,5,3,63,110,12,1,17,82,152
15.05.2011,7,6,33,56,11,1,16,43,131
14.05.2011,8,8,35,77,17,3,17,54,107
13.05.2011,7,2,51,97,8,1,8,43,161
12.05.2011,3,5,45,82,13,2,17,34,170
11.05.2011,6,4,50,119,15,1,15,39,184
10.05.2011,8,3,56,106,12,0,15,25,164
09.05.2011,8,4,65,107,19,1,26,23,180
08.05.2011,4,6,47,53,9,2,10,38,82
07.05.2011,4,4,56,96,14,0,23,41,103
06.05.2011,7,4,59,107,7,1,6,30,160
05.05.2011,2,2,45,103,7,0,9,18,123
04.05.2011,6,4,69,100,10,1,11,57,185
03.05.2011,6,2,26,33,7,0,16,16,77
02.05.2011,6,2,65,81,8,1,11,31,105
01.05.2011,8,5,25,52,4,1,3,36,53
30.04.2011,10,4,41,68,17,2,19,30,115
29.04.2011,6,1,61,128,9,1,10,33,173
28.04.2011,3,3,64,107,7,1,9,25,149
27.04.2011,6,3,54,88,5,0,6,11,125
26.04.2011,5,4,62,112,7,0,8,41,148
25.04.2011,0,5,36,29,3,0,5,18,56
24.04.2011,3,8,30,18,4,1,6,23,62
23.04.2011,6,5,36,54,12,4,11,53,93
22.04.2011,9,3,47,78,21,1,24,34,170
21.04.2011,11,2,57,118,12,2,14,41,151
20.04.2011,8,3,52,103,16,2,19,31,188
19.04.2011,4,4,50,108,10,0,15,20,171
18.04.2011,5,5,75,116,16,1,18,71,133
17.04.2011,8,4,38,52,15,0,16,38,67
16.04.2011,9,6,63,74,17,2,16,45,118
15.04.2011,6,7,54,94,12,1,13,39,151
14.04.2011,2,4,49,95,8,0,9,24,66
13.04.2011,4,3,44,116,10,0,11,32,184
12.04.2011,8,3,59,93,7,0,8,27,141
11.04.2011,9,3,60,122,4,1,5,32,108
10.04.2011,9,10,38,48,6,1,10,45,66
09.04.2011,9,3,57,93,6,0,8,53,110
08.04.2011,5,0,59,113,6,0,6,34,130
07.04.2011,5,1,61,99,5,0,8,30,139
06.04.2011,5,4,63,112,7,0,7,29,90
05.04.2011,4,4,69,101,5,0,5,25,139
04.04.2011,8,5,74,108,9,1,9,39,165
03.04.2011,7,7,42,53,11,3,26,46,71
02.04.2011,3,5,52,60,4,0,7,42,103
01.04.2011,7,2,56,104,17,0,19,32,173
31.03.2011,8,4,56,110,6,1,6,33,118
30.03.2011,3,4,60,114,10,0,10,35,149
29.03.2011,6,3,64,114,11,3,15,28,146
28.03.2011,8,5,66,119,4,0,9,31,107
27.03.2011,2,3,39,29,8,0,11,31,61
26.03.2011,7,1,64,86,12,0,18,99,107
25.03.2011,7,2,71,115,7,0,7,33,119
24.03.2011,9,4,69,106,12,2,11,29,182
23.03.2011,6,4,69,107,11,0,13,29,141
22.03.2011,5,5,62,114,3,0,5,36,143
21.03.2011,11,3,69,110,7,2,6,24,156
20.03.2011,4,8,28,37,4,0,9,50,59
19.03.2011,7,5,64,49,8,0,10,67,136
18.03.2011,9,2,57,113,12,0,20,25,188
17.03.2011,7,5,60,98,10,1,17,27,183
16.03.2011,8,2,55,103,8,1,9,29,129
15.03.2011,8,3,78,117,11,0,12,29,138
14.03.2011,8,6,79,139,5,0,8,79,141
13.03.2011,9,4,48,51,11,1,13,41,60
12.03.2011,6,6,61,71,13,3,15,38,92
11.03.2011,10,2,60,86,13,1,16,33,166
10.03.2011,10,2,60,86,13,1,16,33,166
09.03.2011,4,2,73,109,7,2,6,26,136
08.03.2011,4,6,53,100,7,2,6,29,173
07.03.2011,6,7,79,112,8,1,7,34,135
06.03.2011,4,5,45,46,5,0,7,38,53
05.03.2011,6,3,82,83,10,0,16,45,92
04.03.2011,4,2,85,73,8,1,10,35,165
03.03.2011,6,2,59,97,6,2,3,37,133
02.03.2011,4,2,74,129,7,2,7,24,176
01.03.2011,5,1,72,98,9,0,14,19,151
28.02.2011,6,1,79,120,13,1,15,19,130
27.02.2011,2,4,48,47,6,0,10,33,75
26.02.2011,8,2,64,64,5,0,10,30,110
25.02.2011,6,3,57,106,7,0,9,29,190
24.02.2011,2,1,72,120,6,1,11,16,172
23.02.2011,3,2,52,104,11,2,9,16,147
22.02.2011,4,3,57,90,4,0,4,15,155
21.02.2011,10,4,58,110,7,0,9,66,150
20.02.2011,10,3,41,49,5,0,6,34,69
19.02.2011,8,1,70,80,7,2,11,38,129
18.02.2011,6,4,51,111,10,2,10,30,168
17.02.2011,2,2,65,105,6,0,8,29,137
16.02.2011,2,2,68,97,3,0,0,20,112
15.02.2011,7,2,47,108,9,0,7,23,144
14.02.2011,5,4,84,103,10,4,10,27,123
13.02.2011,0,9,48,51,9,3,13,33,60
12.02.2011,9,4,68,76,4,0,4,45,119
11.02.2011,7,4,63,116,14,0,17,28,200
10.02.2011,7,7,63,139,12,0,17,26,139
09.02.2011,6,3,72,88,12,1,11,31,136
08.02.2011,6,4,107,74,8,1,11,36,121
07.02.2011,11,6,91,116,12,0,14,74,155
06.02.2011,7,2,65,64,12,1,24,39,71
05.02.2011,8,1,75,78,5,0,9,33,84
04.02.2011,8,3,69,105,12,0,14,20,179
03.02.2011,5,2,66,120,11,1,15,24,162
02.02.2011,4,4,61,112,13,2,14,27,219
01.02.2011,6,3,56,129,12,1,17,19,129
31.01.2011,10,2,57,87,7,0,17,19,66
29.01.2011,6,1,67,61,4,0,5,29,112
28.01.2011,3,4,76,98,7,2,5,43,131
27.01.2011,9,1,80,103,5,3,5,23,147
26.01.2011,6,4,85,100,6,0,6,16,156
25.01.2011,5,2,63,102,4,0,6,17,90
24.01.2011,6,4,61,99,10,0,13,22,138
23.01.2011,9,1,33,49,8,1,10,24,134
22.01.2011,5,2,56,61,7,0,10,65,77
21.01.2011,3,2,65,90,7,1,10,26,169
20.01.2011,6,2,70,95,6,0,8,22,138
19.01.2011,4,2,57,107,8,0,14,23,141
18.01.2011,8,3,70,85,6,0,8,23,143
17.01.2011,6,3,75,103,26,1,37,25,266
16.01.2011,6,7,35,49,9,1,15,28,97
15.01.2011,10,3,59,59,10,1,13,18,155
14.01.2011,12,4,62,95,9,1,9,22,190
13.01.2011,4,3,55,101,14,2,14,31,139
12.01.2011,7,5,58,94,8,1,10,15,144
11.01.2011,9,5,83,116,3,0,5,16,162
10.01.2011,8,2,66,88,8,0,10,18,174
09.01.2011,10,4,50,60,6,0,7,27,94
08.01.2011,9,5,74,101,9,1,11,15,196
07.01.2011,2,4,43,31,2,0,2,22,38
06.01.2011,2,4,43,31,2,0,2,22,38
05.01.2011,3,1,66,78,7,2,8,12,178
04.01.2011,3,3,60,75,11,3,13,12,200
02.01.2011,3,2,24,30,0,0,0,8,52
01.01.2011,3,4,48,25,3,0,4,38,46
31.12.2010,2,0,46,68,5,0,9,18,134
30.12.2010,4,3,61,94,5,1,8,18,174
29.12.2010,7,0,47,88,4,0,4,13,134
28.12.2010,1,1,50,79,1,0,1,9,176
27.12.2010,7,2,58,64,4,0,5,44,126
26.12.2010,3,5,29,12,3,0,4,20,50
25.12.2010,1,5,21,17,4,1,4,16,50
24.12.2010,6,3,37,38,9,0,12,20,110
23.12.2010,5,5,50,102,10,0,19,28,211
21.12.2010,6,0,68,121,10,0,10,14,241
20.12.2010,6,7,60,105,7,0,9,26,206
19.12.2010,6,7,30,40,4,0,5,40,113
18.12.2010,2,1,49,66,6,1,7,32,160
17.12.2010,4,4,41,87,9,1,8,15,278
16.12.2010,6,3,54,104,5,0,5,6,256
15.12.2010,5,1,46,100,7,1,12,14,259
14.12.2010,6,2,59,80,7,0,11,11,328
13.12.2010,3,3,59,104,7,0,8,31,262
12.12.2010,9,7,22,44,9,3,7,19,114
11.12.2010,6,0,39,59,10,1,15,22,180
10.12.2010,5,2,55,82,13,5,10,17,182
09.12.2010,7,4,53,92,8,0,8,22,179
08.12.2010,11,2,58,76,11,3,11,15,179
07.12.2010,7,2,49,97,4,0,7,20,202
06.12.2010,6,4,57,104,4,2,6,44,179
05.12.2010,5,5,31,59,7,2,11,17,75
04.12.2010,6,3,37,65,8,0,8,19,191
03.12.2010,3,3,45,80,6,1,7,15,273
02.12.2010,5,3,46,77,8,0,9,12,193
01.12.2010,9,5,55,87,4,0,4,10,227
30.11.2010,5,4,53,82,6,1,6,16,150
29.11.2010,10,5,72,86,15,2,22,22,252
28.11.2010,4,3,62,53,7,3,9,65,93
27.11.2010,2,4,57,72,13,2,18,30,232
26.11.2010,4,3,63,98,11,2,11,22,196
25.11.2010,7,4,52,89,16,1,22,21,179
24.11.2010,4,4,73,126,8,0,12,24,204
23.11.2010,8,2,61,117,19,0,20,27,142
22.11.2010,2,1,70,106,17,1,21,28,165
21.11.2010,2,3,50,56,13,0,17,42,77
20.11.2010,12,6,51,65,14,2,14,62,125
19.11.2010,4,7,65,90,15,2,15,46,204
18.11.2010,5,4,46,84,11,2,12,23,212
17.11.2010,10,3,78,94,7,0,11,18,149
16.11.2010,7,2,60,85,13,3,11,21,134
15.11.2010,13,3,67,130,13,2,11,44,162
14.11.2010,7,11,40,43,13,3,10,48,96
13.11.2010,6,5,59,62,14,0,20,41,103
12.11.2010,4,2,79,99,19,2,18,33,191
11.11.2010,7,6,29,57,12,2,13,45,70
10.11.2010,6,1,54,106,13,2,14,24,210
09.11.2010,9,2,62,116,15,0,17,26,183
08.11.2010,17,5,58,122,19,1,23,29,227
07.11.2010,7,7,50,55,7,0,8,53,88
06.11.2010,9,6,75,87,16,2,17,65,118
05.11.2010,12,3,65,109,13,2,14,39,138
04.11.2010,5,1,56,117,9,0,9,31,159
03.11.2010,13,3,68,117,10,0,12,17,140
02.11.2010,12,2,89,132,9,0,10,68,174
01.11.2010,4,3,51,40,5,0,8,43,69
31.10.2010,9,12,48,48,11,1,12,56,154
30.10.2010,8,3,44,67,17,2,20,36,154
29.10.2010,9,3,67,143,19,0,24,23,198
28.10.2010,4,1,62,97,8,0,8,21,175
27.10.2010,9,7,64,104,11,1,14,29,184
26.10.2010,4,3,65,104,11,1,10,34,154
25.10.2010,3,2,76,112,14,1,16,27,225
24.10.2010,9,4,60,42,14,2,15,38,73
23.10.2010,11,9,45,79,10,2,15,63,124
22.10.2010,4,1,73,76,13,1,14,36,170
21.10.2010,8,3,72,113,18,2,19,30,193
20.10.2010,5,1,54,102,7,0,8,23,162
19.10.2010,5,4,68,103,11,0,13,32,164
18.10.2010,4,5,61,90,10,1,9,74,187
17.10.2010,7,3,45,40,13,1,19,57,55
16.10.2010,9,3,63,92,6,0,6,56,118
15.10.2010,3,1,64,100,15,2,23,33,238
14.10.2010,8,7,81,138,19,2,23,45,152
13.10.2010,4,5,51,71,4,2,4,17,154
12.10.2010,1,1,61,87,12,1,13,15,168
11.10.2010,8,3,77,101,16,3,16,38,194
10.10.2010,12,8,36,56,6,1,6,53,90
09.10.2010,4,4,47,64,15,0,16,59,163
08.10.2010,4,4,83,114,17,1,22,38,211
07.10.2010,3,3,57,86,10,0,14,31,158
06.10.2010,5,3,53,104,19,1,22,28,195
05.10.2010,4,4,66,98,8,3,6,22,159
04.10.2010,6,6,53,123,17,2,19,26,187
03.10.2010,12,8,49,50,11,0,19,27,91
02.10.2010,3,4,66,72,9,2,12,38,129
01.10.2010,2,4,53,101,9,2,12,37,180
30.09.2010,3,0,40,113,12,1,14,18,167
29.09.2010,5,0,53,101,12,3,11,26,213
28.09.2010,3,5,66,106,13,1,11,19,225
27.09.2010,6,3,76,101,15,0,18,60,242
26.09.2010,12,7,36,45,16,2,26,40,118
25.09.2010,8,4,48,85,7,2,7,47,114
24.09.2010,3,0,44,86,13,2,12,38,182
23.09.2010,5,1,54,124,12,1,25,25,158
22.09.2010,5,5,55,131,12,2,14,36,167
21.09.2010,7,1,58,136,16,1,17,35,178
20.09.2010,7,4,73,122,8,0,9,34,178
19.09.2010,8,4,37,42,9,0,12,37,75
18.09.2010,7,5,44,87,13,1,19,53,105
17.09.2010,8,4,82,114,9,2,7,34,187
16.09.2010,9,1,66,101,12,2,15,34,189
15.09.2010,9,2,63,109,10,3,8,40,212
13.09.2010,6,8,78,113,12,0,15,33,164
12.09.2010,5,11,43,46,13,0,15,67,79
11.09.2010,8,7,49,63,10,0,20,54,148
10.09.2010,9,5,56,107,17,2,22,45,183
09.09.2010,5,3,67,99,16,1,17,31,235
08.09.2010,7,4,54,114,7,1,7,34,126
07.09.2010,3,3,54,86,11,2,10,19,164
06.09.2010,3,4,53,127,10,1,9,33,161
05.09.2010,5,8,58,64,16,2,22,46,86
04.09.2010,5,2,65,92,14,1,17,31,129
03.09.2010,8,1,56,103,11,0,14,24,176
02.09.2010,6,1,59,118,9,0,12,29,169
01.09.2010,2,2,47,109,12,2,12,20,229
31.08.2010,4,0,58,102,9,3,11,18,214
30.08.2010,11,2,76,116,12,0,19,28,205
29.08.2010,6,5,39,42,11,0,13,42,86
28.08.2010,8,2,57,66,7,0,7,52,163
27.08.2010,11,2,56,119,15,0,22,27,195
26.08.2010,6,5,56,117,17,1,23,39,137
25.08.2010,11,1,48,106,9,0,10,38,146
24.08.2010,2,6,60,106,16,2,17,26,154
23.08.2010,8,0,87,127,18,3,18,55,152
22.08.2010,4,6,36,52,12,1,23,57,87
21.08.2010,4,2,39,72,9,1,16,83,121
20.08.2010,5,7,56,106,19,3,25,37,178
19.08.2010,7,2,66,128,9,1,8,31,176
18.08.2010,6,4,54,124,10,0,11,33,117
17.08.2010,6,4,48,110,14,1,18,26,151
16.08.2010,8,3,65,133,10,1,16,27,156
15.08.2010,6,5,22,47,12,1,13,54,88
14.08.2010,5,4,27,74,20,1,21,89,133
13.08.2010,7,0,47,106,15,1,19,42,156
12.08.2010,2,5,37,120,12,1,13,45,139
11.08.2010,6,1,39,124,6,0,6,42,149
10.08.2010,5,2,49,123,19,1,22,43,153
09.08.2010,10,5,43,146,11,0,13,0,166
08.08.2010,8,3,47,57,11,2,11,57,72
07.08.2010,8,3,51,95,9,0,13,63,116
06.08.2010,3,3,53,91,16,1,21,42,160
05.08.2010,5,1,50,114,10,0,13,29,133
04.08.2010,15,2,50,121,9,0,15,30,151
03.08.2010,2,5,48,88,14,2,17,44,142
02.08.2010,3,6,66,117,11,1,13,48,131
01.08.2010,9,5,44,54,7,0,9,47,72
31.07.2010,7,7,46,75,11,0,16,34,94
30.07.2010,6,1,66,86,13,1,14,32,157
29.07.2010,3,3,57,97,13,1,14,39,139
28.07.2010,5,1,56,85,6,0,8,28,229
27.07.2010,6,1,58,103,7,2,10,36,139
26.07.2010,8,1,61,121,18,0,22,35,102
25.07.2010,5,8,46,47,13,0,18,55,89
24.07.2010,8,5,52,75,11,2,11,60,116
23.07.2010,8,3,51,131,12,0,15,35,158
22.07.2010,2,2,49,101,10,0,25,39,126
21.07.2010,4,2,58,117,8,0,12,37,135
20.07.2010,3,3,57,112,10,1,9,27,124
19.07.2010,8,4,52,131,11,0,25,34,144
18.07.2010,5,1,23,58,7,0,14,30,81
17.07.2010,7,2,35,89,9,0,14,59,109
16.07.2010,8,1,37,104,9,1,10,23,179
15.07.2010,4,3,41,116,10,2,13,25,145
14.07.2010,10,2,59,112,19,0,24,47,153
13.07.2010,4,4,41,107,10,0,12,27,150
12.07.2010,5,5,60,119,13,1,24,84,154
11.07.2010,7,14,35,67,18,0,31,52,100
10.07.2010,5,4,39,81,10,0,9,49,120
09.07.2010,5,2,52,107,16,1,18,42,167
08.07.2010,8,1,46,108,12,0,15,37,137
07.07.2010,7,3,72,102,19,2,21,21,103
06.07.2010,5,2,53,102,17,0,19,28,150
04.07.2010,5,10,40,43,14,0,20,80,81
01.07.2010,10,2,54,96,12,1,11,30,193
30.06.2010,1,0,50,119,15,1,16,37,167
29.06.2010,2,4,56,123,26,1,33,21,146
28.06.2010,5,7,62,146,10,0,13,30,163
27.06.2010,8,0,36,74,11,1,0,53,88
26.06.2010,10,8,42,87,14,2,17,45,0
25.06.2010,6,6,73,109,16,0,18,45,177
24.06.2010,4,3,58,105,21,1,23,24,152
23.06.2010,4,6,49,107,13,1,17,27,155
22.06.2010,6,1,58,108,9,0,9,36,145
21.06.2010,4,3,57,125,9,0,10,29,161
20.06.2010,4,6,46,60,11,3,15,60,110
19.06.2010,7,5,47,74,17,2,24,48,121
18.06.2010,6,4,49,99,14,2,20,32,174
17.06.2010,5,0,49,109,12,1,14,23,181
15.06.2010,5,3,70,114,9,3,12,40,158
14.06.2010,9,2,45,131,14,1,15,34,0
13.06.2010,7,4,34,70,16,0,23,50,71
12.06.2010,5,8,42,88,11,0,13,56,132
11.06.2010,6,1,65,132,17,1,17,25,193
10.06.2010,4,6,59,124,14,1,17,42,197
09.06.2010,7,5,64,115,12,0,16,93,158
08.06.2010,4,7,56,130,14,0,15,37,167
07.06.2010,8,4,74,117,15,0,16,41,169
06.06.2010,8,5,46,41,10,2,13,39,78
05.06.2010,7,4,48,78,12,0,14,48,123
04.06.2010,9,3,97,126,12,2,15,42,153
03.06.2010,4,5,37,55,3,0,3,45,52
02.06.2010,3,1,72,101,15,0,18,24,224
01.06.2010,10,4,61,110,9,1,8,26,186
31.05.2010,12,4,63,125,11,0,18,20,163
30.05.2010,9,7,50,62,15,2,20,53,107
27.05.2010,8,2,73,109,17,0,20,31,151
25.05.2010,3,4,52,115,16,2,29,30,194
24.05.2010,8,5,88,125,14,0,16,47,213
22.05.2010,8,5,58,79,10,1,16,36,123
21.05.2010,11,2,57,97,10,0,12,39,209
20.05.2010,6,4,69,105,3,0,3,25,148
19.05.2010,1,5,70,103,4,0,5,22,185
18.05.2010,5,3,61,74,9,1,13,20,211
17.05.2010,1,2,55,101,13,0,15,14,232
16.05.2010,8,3,34,40,7,1,7,37,120
15.05.2010,6,2,53,67,7,0,10,56,75
14.05.2010,7,5,67,106,8,1,11,24,234
12.05.2010,4,4,70,136,7,0,8,28,157
11.05.2010,6,2,70,119,10,1,10,30,179
10.05.2010,9,3,62,110,9,5,2,35,166
08.05.2010,8,4,53,84,15,1,19,90,111
07.05.2010,7,1,69,106,7,0,7,41,168
04.05.2010,8,3,83,108,7,1,9,41,175
02.05.2010,8,9,41,42,8,0,14,47,73
01.05.2010,4,4,32,60,13,1,15,47,85
30.04.2010,4,4,50,113,26,1,26,42,214
29.04.2010,8,1,59,116,10,1,9,23,167
28.04.2010,2,5,65,82,9,2,11,17,156
27.04.2010,5,1,62,114,11,1,13,25,146
26.04.2010,6,4,51,145,12,0,17,31,151
25.04.2010,5,8,48,53,23,0,30,45,68
21.04.2010,4,2,46,102,9,1,9,24,166
19.04.2010,7,3,45,99,16,3,20,25,143
18.04.2010,3,10,34,38,6,0,10,43,54
17.04.2010,10,4,45,64,12,0,17,51,113
16.04.2010,6,4,60,111,14,0,14,27,159
15.04.2010,8,2,52,107,14,0,14,38,157
10.04.2010,13,3,50,73,8,0,11,53,127
09.04.2010,9,5,57,111,15,3,14,33,154
08.04.2010,6,3,56,120,9,1,8,23,133
06.04.2010,9,2,91,96,7,1,9,75,130
05.04.2010,6,8,28,25,3,0,4,23,45
04.04.2010,6,8,28,25,3,0,4,23,45
03.04.2010,6,1,34,45,9,0,10,31,96
02.04.2010,8,4,58,94,7,1,10,58,162
02.04.2010,8,4,58,94,7,0,10,58,162
01.04.2010,4,4,57,128,12,1,12,35,0
30.03.2010,6,3,64,132,6,0,6,22,158
29.03.2010,7,3,85,133,6,2,5,41,182
28.03.2010,11,3,37,50,10,1,11,39,59
27.03.2010,5,3,52,87,7,0,7,53,112
26.03.2010,6,2,70,127,10,0,10,44,172
25.03.2010,12,12,66,138,15,3,16,39,152
24.03.2010,3,1,70,131,13,2,15,47,155
23.03.2010,5,3,76,115,9,0,10,42,156
22.03.2010,11,12,84,132,10,2,19,36,141
21.03.2010,7,8,63,51,9,6,8,33,76
20.03.2010,9,3,65,90,7,3,7,45,98
19.03.2010,13,3,77,133,7,0,8,43,146
18.03.2010,5,2,71,109,6,0,7,27,143
17.03.2010,5,4,57,115,9,0,13,29,193
16.03.2010,5,3,56,79,12,0,16,32,181
14.03.2010,8,10,46,39,10,0,15,29,94
13.03.2010,7,3,59,63,14,0,19,49,162
12.03.2010,8,6,52,104,10,0,10,34,214
11.03.2010,2,4,60,99,12,1,13,27,159
10.03.2010,9,3,64,121,12,1,17,33,149
09.03.2010,7,2,68,120,0,0,0,36,141
08.03.2010,10,3,68,112,12,1,12,30,175
04.03.2010,4,6,59,95,12,0,16,30,150
02.03.2010,3,6,72,109,5,0,9,29,121
01.03.2010,7,5,97,100,2,1,1,27,133
28.02.2010,7,3,52,42,15,1,21,32,88
27.02.2010,5,3,78,66,10,0,11,30,142
26.02.2010,6,2,75,115,18,0,33,31,229
25.02.2010,15,2,67,88,6,2,6,21,207
24.02.2010,6,4,57,115,8,1,10,31,191
23.02.2010,9,1,65,102,12,2,19,19,225
22.02.2010,10,3,74,99,5,1,4,10,195
21.02.2010,3,7,53,32,6,0,8,25,78
20.02.2010,5,2,76,79,8,1,13,25,138
19.02.2010,13,3,69,109,16,1,21,30,209
18.02.2010,11,3,82,87,7,1,7,25,162
17.02.2010,10,5,70,122,5,0,5,14,128
16.02.2010,12,3,54,103,8,0,15,25,213
15.02.2010,10,2,63,81,3,0,3,22,216
14.02.2010,5,4,50,42,4,0,8,24,92
13.02.2010,11,2,54,71,13,1,19,29,200
12.02.2010,12,6,59,99,11,0,17,27,204
11.02.2010,6,3,70,108,12,1,16,19,261
10.02.2010,10,4,67,97,6,3,8,18,164
09.02.2010,8,5,72,103,8,2,8,23,177
08.02.2010,9,2,84,96,2,0,3,23,191
06.02.2010,9,4,54,76,13,0,25,34,142
05.02.2010,5,2,73,104,5,0,5,48,179
04.02.2010,9,2,85,97,8,1,11,16,192
03.02.2010,8,5,68,80,11,0,12,18,321
02.02.2010,7,3,68,106,7,0,10,17,197
01.02.2010,8,4,85,118,12,1,12,28,0
31.01.2010,8,6,60,44,3,0,3,19,66
28.01.2010,4,2,53,96,18,1,19,0,244
27.01.2010,12,3,42,84,12,2,19,18,185
26.01.2010,4,2,37,89,9,0,13,9,211
25.01.2010,6,2,55,81,6,1,8,16,199
23.01.2010,6,6,47,41,5,0,6,19,134
22.01.2010,7,1,57,91,3,1,2,18,194
21.01.2010,6,0,66,100,6,0,6,16,193
20.01.2010,6,2,59,87,7,0,7,15,244
19.01.2010,5,0,49,116,5,0,5,19,186
18.01.2010,4,4,69,100,8,0,8,12,270
16.01.2010,20,0,59,63,1,0,1,27,97
15.01.2010,9,3,53,107,7,1,9,15,183
14.01.2010,3,2,70,87,6,0,7,0,163
13.01.2010,10,4,62,95,10,0,11,9,188
12.01.2010,9,5,60,110,9,0,9,16,201
11.01.2010,7,5,55,98,5,0,6,20,155
10.01.2010,10,5,33,47,5,0,5,24,119
09.01.2010,5,4,46,58,7,0,10,19,97
08.01.2010,13,6,52,85,10,0,10,21,232
06.01.2010,3,6,44,86,11,2,11,15,176
05.01.2010,3,0,58,104,5,0,7,10,105
04.01.2010,12,3,71,91,9,0,9,12,141
03.01.2010,5,2,44,28,5,0,9,11,77
01.01.2010,6,9,45,30,5,0,6,43,42
31.12.2009,0,0,,0,11,1,13,16,179
30.12.2009,12,2,58,102,9,1,12,15,167
29.12.2009,8,5,78,95,1,0,1,29,135
28.12.2009,7,5,88,96,13,0,20,23,205
27.12.2009,8,6,59,39,1,0,1,14,78
26.12.2009,4,5,48,18,4,0,4,25,56
25.12.2009,4,6,31,17,2,1,2,11,52
24.12.2009,7,3,51,53,7,0,10,20,88
23.12.2009,9,2,84,110,28,0,33,26,199
22.12.2009,5,6,50,110,25,1,30,21,202
21.12.2009,3,2,28,34,5,1,5,15,125
20.12.2009,3,2,28,34,4,0,5,15,125
19.12.2009,6,4,51,68,11,1,17,14,144
18.12.2009,7,1,49,91,8,1,9,15,186
17.12.2009,7,4,64,83,13,1,13,17,220
16.12.2009,6,4,75,117,10,0,10,21,203
15.12.2009,3,1,63,100,9,0,11,22,151
14.12.2009,5,2,65,122,10,2,10,30,192
13.12.2009,5,4,38,53,9,2,10,42,101
12.12.2009,9,5,48,84,11,1,10,37,135
11.12.2009,10,2,63,105,14,5,13,44,171
10.12.2009,13,6,65,89,7,2,5,30,157
09.12.2009,5,5,72,96,18,0,20,33,219
08.12.2009,9,3,65,99,15,0,16,46,219
07.12.2009,8,3,76,117,15,1,15,20,192
06.12.2009,9,5,57,56,10,2,12,24,123
05.12.2009,14,6,66,84,10,2,13,39,127
04.12.2009,5,5,72,94,18,1,18,0,152
03.12.2009,8,4,71,105,11,1,10,35,155
02.12.2009,15,4,62,95,18,0,19,35,142
01.12.2009,5,3,80,108,24,3,51,39,179
30.11.2009,7,5,84,122,10,0,10,27,148
25.11.2009,10,2,77,117,12,3,15,35,165
24.11.2009,6,7,64,125,26,2,28,38,164
23.11.2009,14,2,77,118,19,1,22,27,169
22.11.2009,11,4,94,56,7,0,15,29,124
21.11.2009,6,3,68,88,14,4,14,51,117
20.11.2009,9,0,69,117,12,0,12,34,185
19.11.2009,8,5,79,109,9,1,8,30,126
18.11.2009,4,0,71,91,19,1,22,35,154
17.11.2009,8,3,61,99,15,0,19,26,180
16.11.2009,6,6,61,125,8,1,7,23,162
15.11.2009,10,5,52,51,5,0,6,33,0
14.11.2009,9,2,61,88,12,1,11,46,140
13.11.2009,4,4,64,100,13,2,13,46,176
11.11.2009,12,1,50,43,12,0,19,38,96
10.11.2009,14,5,93,138,19,0,26,20,222
09.11.2009,5,3,79,106,12,1,15,0,198
08.11.2009,11,10,67,65,8,2,9,45,77
07.11.2009,7,5,65,95,18,2,21,43,158
06.11.2009,4,7,69,124,13,2,13,23,198
05.11.2009,3,1,78,105,15,3,22,20,179
04.11.2009,7,3,57,107,13,1,19,25,232
03.11.2009,8,2,50,93,15,1,19,30,153
02.11.2009,8,3,61,106,9,0,9,30,185
01.11.2009,14,4,55,41,5,0,7,36,94
31.10.2009,10,4,46,59,17,0,20,51,147
30.10.2009,10,4,72,84,3,0,3,33,192
29.10.2009,1,2,77,114,13,0,16,39,188
28.10.2009,7,3,66,103,19,2,18,28,164
27.10.2009,9,4,56,123,13,0,16,31,201
26.10.2009,10,5,81,129,8,0,10,30,210
25.10.2009,13,7,63,59,8,0,11,61,87
24.10.2009,15,2,69,81,11,3,16,95,111
23.10.2009,4,5,75,104,13,1,18,52,197
22.10.2009,8,2,68,98,12,3,10,24,145
21.10.2009,8,0,63,116,8,1,7,28,166
20.10.2009,7,4,65,101,23,0,29,29,164
19.10.2009,6,6,83,123,7,0,7,34,142
18.10.2009,9,3,49,56,6,0,6,41,93
17.10.2009,6,6,75,71,10,0,11,42,151
16.10.2009,9,4,52,108,21,2,24,45,209
15.10.2009,5,2,55,82,9,1,14,16,217
13.10.2009,3,1,71,86,15,3,18,30,208
12.10.2009,10,6,73,145,29,1,39,43,228
09.10.2009,11,6,60,119,17,2,16,32,163
08.10.2009,12,5,65,108,12,2,16,36,147
07.10.2009,4,3,75,123,17,1,22,38,187
06.10.2009,1,1,63,122,10,1,10,36,70
02.10.2009,12,4,60,112,11,1,12,0,195
01.10.2009,0,0,,0,0,1,0,0,0
30.09.2009,10,2,65,115,19,1,23,31,202
29.09.2009,7,2,58,112,17,0,20,24,213
28.09.2009,4,1,68,150,13,0,16,26,172
27.09.2009,6,7,49,44,10,1,14,40,84
26.09.2009,13,3,58,100,18,2,20,59,135
25.09.2009,2,1,57,116,21,1,31,40,195
24.09.2009,7,3,47,104,8,0,15,31,149
23.09.2009,5,1,57,129,9,1,9,29,154
22.09.2009,13,4,61,112,0,0,0,0,0
21.09.2009,8,3,65,141,13,0,16,33,174
20.09.2009,9,6,49,68,19,1,25,56,81
19.09.2009,9,5,62,78,7,1,8,33,135
17.09.2009,3,3,56,119,24,3,27,36,198
16.09.2009,10,6,64,117,7,0,9,40,178
14.09.2009,9,1,86,132,17,3,16,32,131
13.09.2009,10,4,43,61,11,2,17,59,67
12.09.2009,5,2,57,90,13,3,15,101,98
11.09.2009,6,3,56,112,20,2,37,49,191
10.09.2009,10,2,57,114,16,1,21,43,143
09.09.2009,6,0,57,109,14,0,15,26,161
08.09.2009,5,5,53,112,17,0,17,32,161
07.09.2009,6,1,77,129,15,2,17,38,126
06.09.2009,8,4,46,59,12,0,17,49,122
05.09.2009,5,5,58,66,13,1,12,39,114
04.09.2009,4,3,58,120,20,0,26,32,159
03.09.2009,8,1,52,105,17,0,20,30,158
02.09.2009,6,3,59,105,14,0,21,33,133
01.09.2009,5,5,56,115,12,1,11,37,175
31.08.2009,11,4,70,139,14,2,14,39,164
30.08.2009,11,5,86,141,17,1,24,97,179
28.08.2009,4,3,60,114,14,1,17,62,153
27.08.2009,7,4,47,128,11,0,14,43,124
26.08.2009,4,2,58,107,16,2,22,28,110
25.08.2009,9,3,48,133,16,1,23,30,133
24.08.2009,11,4,73,151,12,0,7,44,136
23.08.2009,10,3,57,49,7,0,9,46,109
22.08.2009,10,1,52,81,12,2,12,44,103
21.08.2009,7,3,52,121,8,1,9,38,165
20.08.2009,6,3,62,100,13,0,15,25,131
19.08.2009,3,2,50,116,15,0,17,37,126
18.08.2009,9,3,62,129,8,2,9,40,136
17.08.2009,9,3,53,131,10,1,12,41,149
16.08.2009,8,7,44,58,9,0,10,57,76
15.08.2009,3,4,45,47,16,0,20,58,73
14.08.2009,6,3,60,128,14,0,18,32,161
13.08.2009,4,4,45,98,9,1,9,39,140
12.08.2009,10,3,44,91,14,0,28,33,154
11.08.2009,5,5,50,119,16,0,28,33,241
10.08.2009,9,4,64,124,11,2,12,30,151
09.08.2009,3,5,37,55,10,5,15,50,94
08.08.2009,5,3,39,69,14,3,15,61,124
07.08.2009,8,5,60,102,18,0,18,60,150
06.08.2009,9,4,61,100,13,0,19,67,155
05.08.2009,6,5,82,111,17,2,23,32,117
04.08.2009,8,4,55,124,15,1,15,33,115
03.08.2009,8,4,55,124,15,1,15,33,115
02.08.2009,7,9,34,58,11,1,28,55,82
01.08.2009,6,4,64,94,11,1,11,36,126
31.07.2009,6,4,64,94,11,0,11,36,126
30.07.2009,8,3,59,97,11,0,14,43,136
29.07.2009,9,2,50,124,13,0,20,23,127
28.07.2009,6,8,78,104,12,0,15,29,118
27.07.2009,7,1,55,136,13,0,14,30,146
26.07.2009,4,4,33,43,12,0,19,49,67
25.07.2009,5,1,52,80,19,0,28,38,114
24.07.2009,8,0,39,119,18,1,18,31,132
23.07.2009,6,1,57,125,6,0,6,42,136
22.07.2009,5,5,53,121,8,0,9,44,142
21.07.2009,2,4,61,102,13,0,16,46,115
20.07.2009,6,3,64,133,18,0,18,43,158
19.07.2009,2,7,38,50,13,0,25,47,104
18.07.2009,11,4,35,90,22,0,25,52,109
17.07.2009,7,2,51,107,9,0,10,48,169
16.07.2009,2,2,71,106,18,1,23,43,136
15.07.2009,12,2,52,109,12,0,16,45,179
14.07.2009,3,3,49,129,11,0,14,32,128
13.07.2009,7,2,52,146,14,2,16,45,141
12.07.2009,3,2,30,53,15,2,28,53,71
11.07.2009,5,8,45,67,6,2,14,61,88
10.07.2009,4,4,71,106,19,0,23,52,179
09.07.2009,10,5,63,108,16,0,17,32,141
08.07.2009,7,7,68,104,10,0,14,26,214
07.07.2009,5,4,54,105,16,0,21,42,163
06.07.2009,8,6,33,61,15,2,20,58,78
05.07.2009,8,6,33,61,14,0,19,58,78
04.07.2009,4,4,53,82,12,1,19,59,95
03.07.2009,5,3,75,114,14,1,17,41,150
02.07.2009,9,3,49,110,12,1,14,40,152
01.07.2009,7,2,54,93,12,1,16,35,141
30.06.2009,6,1,79,117,13,1,15,29,137
29.06.2009,9,2,71,128,13,1,14,45,139
28.06.2009,9,8,38,52,9,1,15,43,79
27.06.2009,6,2,69,57,16,1,44,49,1
26.06.2009,10,4,76,104,10,0,38,43,174
25.06.2009,4,0,70,110,12,1,16,39,141
24.06.2009,6,5,76,88,13,1,17,20,154
23.06.2009,7,0,57,101,10,0,12,31,159
22.06.2009,11,4,60,114,19,0,24,28,183
21.06.2009,10,5,39,49,10,1,17,40,49
20.06.2009,7,5,56,66,12,3,14,48,149
19.06.2009,13,6,60,96,19,1,25,25,239
18.06.2009,11,4,59,129,15,1,15,26,0
17.06.2009,11,4,51,122,17,1,20,31,175
16.06.2009,9,3,59,95,8,0,12,33,168
14.06.2009,5,9,49,66,13,1,16,40,80
13.06.2009,7,4,61,81,13,4,12,37,87
12.06.2009,9,6,74,95,9,1,10,36,144
11.06.2009,6,3,41,49,12,1,20,45,61
10.06.2009,8,3,55,111,19,0,26,35,266
09.06.2009,4,5,58,117,16,1,23,27,147
08.06.2009,7,2,68,120,12,3,15,39,0
07.06.2009,9,1,45,67,15,1,19,72,78
06.06.2009,6,5,61,89,10,0,10,58,118
05.06.2009,11,5,51,103,14,0,19,68,143
04.06.2009,11,1,49,109,13,0,13,27,156
03.06.2009,7,5,67,114,14,0,16,26,164
02.06.2009,9,4,59,114,6,2,7,24,139
01.06.2009,6,8,65,108,10,0,11,25,152
31.05.2009,7,9,37,60,8,0,14,28,69
30.05.2009,8,3,45,80,17,2,18,40,136
29.05.2009,7,2,42,107,13,0,15,30,213
28.05.2009,0,3,48,112,11,0,12,30,165
27.05.2009,4,8,42,105,14,0,21,32,164
26.05.2009,9,6,47,133,12,1,12,17,177
25.05.2009,7,6,68,125,17,1,19,32,144
24.05.2009,5,10,34,57,13,2,22,59,81
23.05.2009,8,5,41,78,9,0,11,44,107
21.05.2009,8,4,58,105,21,1,25,27,162
20.05.2009,6,3,41,148,19,0,20,26,154
19.05.2009,9,0,47,119,12,0,16,17,208
18.05.2009,11,2,73,118,14,5,16,36,158
17.05.2009,9,8,31,57,6,0,10,45,79
16.05.2009,10,6,42,74,18,0,27,38,162
15.05.2009,5,5,62,119,13,1,13,32,152
14.05.2009,4,1,48,120,11,0,14,28,117
12.05.2009,8,1,45,103,17,2,22,27,159
11.05.2009,8,6,41,117,12,1,13,39,176
10.05.2009,12,9,34,63,15,4,19,47,85
09.05.2009,8,13,45,95,19,1,26,53,128
08.05.2009,8,4,45,89,2,0,3,33,184
07.05.2009,8,1,52,106,12,0,13,31,147
06.05.2009,4,1,46,92,15,0,17,25,220
05.05.2009,5,4,52,119,10,0,10,19,108
04.05.2009,6,2,68,120,11,1,12,29,143
03.05.2009,3,8,40,49,13,1,16,29,72
02.05.2009,3,5,43,58,7,0,8,47,91
01.05.2009,9,4,31,47,20,4,30,39,100
30.04.2009,4,6,56,125,23,0,26,30,158
29.04.2009,5,6,59,113,16,2,17,34,129
28.04.2009,6,5,44,115,23,2,24,30,156
27.04.2009,15,6,70,127,13,0,16,43,165
26.04.2009,9,8,40,50,11,2,14,49,87
25.04.2009,8,6,47,65,16,0,12,51,117
24.04.2009,9,4,46,95,24,2,25,59,170
23.04.2009,5,4,55,113,9,1,13,23,132
22.04.2009,9,11,55,102,15,1,19,28,145
21.04.2009,10,5,48,99,10,0,11,30,154
20.04.2009,7,4,73,109,15,3,13,34,133
19.04.2009,7,5,39,47,7,0,8,36,85
18.04.2009,2,3,38,67,7,0,8,47,112
17.04.2009,11,2,63,107,11,2,12,37,131
16.04.2009,10,3,62,104,14,2,13,29,159
15.04.2009,10,6,35,94,12,1,17,27,179
14.04.2009,9,7,60,102,7,0,7,48,133
13.04.2009,14,3,34,28,7,1,15,27,52
12.04.2009,2,2,18,19,4,0,8,25,47
11.04.2009,9,3,38,52,14,1,18,49,92
10.04.2009,9,6,57,107,9,0,11,54,136
09.04.2009,7,6,60,103,21,0,24,33,142
08.04.2009,11,5,49,103,9,0,11,35,161
07.04.2009,10,5,53,96,11,0,12,39,157
06.04.2009,11,3,63,112,10,0,11,71,169
05.04.2009,7,10,36,59,10,0,16,50,61
04.04.2009,7,7,62,85,16,3,17,49,128
03.04.2009,9,2,60,95,11,0,14,36,188
02.04.2009,9,2,46,123,14,1,17,32,154
01.04.2009,13,6,63,128,17,1,22,23,154
31.03.2009,12,10,52,93,15,1,17,32,139
30.03.2009,6,9,88,117,8,0,11,26,173
29.03.2009,8,10,42,40,15,1,15,49,81
28.03.2009,9,4,56,72,8,0,10,42,0
27.03.2009,6,4,48,100,9,0,10,23,157
26.03.2009,5,2,56,96,9,0,10,20,150
25.03.2009,10,2,62,92,13,0,16,20,282
24.03.2009,5,2,64,96,12,0,15,23,194
23.03.2009,10,2,56,105,13,0,14,29,168
22.03.2009,6,7,44,56,4,0,5,45,68
21.03.2009,12,3,45,80,8,0,10,36,103
20.03.2009,6,1,46,98,11,0,15,34,180
19.03.2009,7,4,63,99,12,1,12,35,176
18.03.2009,8,1,58,97,9,1,8,27,147
17.03.2009,6,2,67,98,14,4,11,28,154
16.03.2009,8,5,75,97,5,0,7,31,136
15.03.2009,7,5,50,59,8,0,20,32,95
14.03.2009,12,4,63,85,9,1,14,34,99
13.03.2009,8,3,45,67,11,1,12,24,260
12.03.2009,2,7,42,95,10,0,12,31,184
11.03.2009,13,4,58,112,10,1,11,22,144
10.03.2009,4,4,61,89,8,0,9,27,163
09.03.2009,5,8,85,108,7,0,9,22,140
08.03.2009,8,5,45,47,4,1,3,34,109
07.03.2009,8,3,55,63,17,0,24,26,205
06.03.2009,7,6,71,124,8,1,10,39,151
04.03.2009,11,4,55,99,8,0,9,26,128
03.03.2009,11,4,55,99,12,4,9,26,128
02.03.2009,6,3,60,102,12,1,15,0,164
01.03.2009,3,3,52,56,5,0,10,23,61
27.02.2009,11,2,55,102,11,0,12,34,183
26.02.2009,4,3,41,75,9,1,12,30,152
25.02.2009,6,4,38,105,9,0,15,28,131
24.02.2009,7,3,48,114,8,2,8,22,181
23.02.2009,12,5,56,103,4,0,4,22,175
22.02.2009,8,4,41,44,3,0,4,28,64
21.02.2009,10,5,26,65,6,0,9,33,135
20.02.2009,7,8,39,85,9,1,9,28,206
19.02.2009,3,0,48,93,3,0,5,20,178
18.02.2009,4,2,41,93,12,3,11,18,242
17.02.2009,11,3,44,91,6,1,7,23,156
16.02.2009,11,3,71,85,11,0,21,20,173
15.02.2009,8,7,25,53,4,0,6,26,74
14.02.2009,15,6,34,80,8,1,13,36,147
13.02.2009,8,1,36,81,16,0,18,31,325
12.02.2009,6,4,34,76,14,0,18,29,191
11.02.2009,10,3,57,83,14,4,28,25,182
10.02.2009,14,2,60,95,14,3,21,26,162
09.02.2009,15,7,83,93,8,0,8,34,172
08.02.2009,4,7,48,45,6,0,7,39,107
07.02.2009,4,5,51,64,10,2,10,32,109
06.02.2009,5,2,58,84,17,1,23,33,183
05.02.2009,7,1,74,113,12,0,7,26,131
04.02.2009,6,1,72,91,9,1,13,18,139
03.02.2009,11,6,53,86,6,0,6,19,171
02.02.2009,3,5,61,65,9,5,9,29,120
01.02.2009,7,5,35,35,10,0,21,29,80
31.01.2009,9,3,57,61,7,0,13,32,177
30.01.2009,11,1,75,63,12,0,17,32,175
29.01.2009,11,2,52,77,5,0,5,17,149
28.01.2009,13,1,81,72,8,0,8,22,119
27.01.2009,14,2,53,88,14,1,15,16,133
26.01.2009,10,1,73,91,21,1,35,23,193
25.01.2009,9,7,50,41,6,1,13,33,74
24.01.2009,6,5,49,68,15,2,24,36,93
23.01.2009,10,3,57,98,6,3,3,25,198
22.01.2009,8,4,70,78,6,0,10,23,152
21.01.2009,3,1,46,72,10,0,24,19,169
20.01.2009,6,5,57,77,12,1,13,27,122
19.01.2009,9,1,58,99,10,0,10,25,171
18.01.2009,7,6,33,28,7,2,16,26,0
17.01.2009,9,0,40,61,11,2,12,28,132
16.01.2009,4,4,54,90,6,0,8,26,208
15.01.2009,6,3,46,81,15,3,22,31,149
14.01.2009,12,2,44,91,10,0,11,29,237
13.01.2009,10,2,41,91,11,1,14,24,89
12.01.2009,7,1,57,99,9,0,11,28,168
11.01.2009,8,6,39,54,2,0,3,36,92
10.01.2009,8,4,44,58,6,0,11,35,124
09.01.2009,4,4,48,124,15,0,17,41,150
08.01.2009,4,2,33,67,1,0,1,9,166
07.01.2009,7,2,43,76,15,2,24,17,137
06.01.2009,11,1,57,72,8,1,12,17,126
05.01.2009,6,3,52,101,5,1,4,12,148
04.01.2009,0,4,37,37,3,2,3,13,82
03.01.2009,3,5,39,46,6,0,14,14,89
02.01.2009,5,9,38,61,16,3,22,26,148
01.01.2009,10,11,19,22,10,2,19,34,32
31.12.2008,7,4,45,56,8,1,9,16,103
30.12.2008,6,1,52,78,7,0,9,18,143
29.12.2008,6,4,69,90,8,0,9,11,160
28.12.2008,12,5,35,34,3,2,5,19,48
27.12.2008,2,9,59,64,3,0,3,15,84
26.12.2008,3,2,27,27,8,0,14,18,58
25.12.2008,2,4,20,15,4,0,6,13,65
24.12.2008,4,2,34,29,8,0,16,24,88
23.12.2008,2,2,56,69,21,2,22,32,184
22.12.2008,7,12,47,99,20,1,22,32,227
21.12.2008,8,7,39,44,7,0,9,29,92
20.12.2008,6,3,38,83,23,0,26,29,126
19.12.2008,6,2,44,90,24,0,31,29,230
18.12.2008,10,5,65,113,24,1,25,34,199
17.12.2008,4,4,48,85,10,0,11,26,231
16.12.2008,8,3,37,93,12,0,12,24,165
15.12.2008,8,3,65,80,19,3,18,20,205
14.12.2008,10,6,26,52,10,1,12,48,93
13.12.2008,4,6,39,78,10,2,9,50,113
12.12.2008,8,1,48,113,12,1,13,38,131
11.12.2008,12,3,37,89,7,1,6,36,157
10.12.2008,7,4,56,101,16,1,16,38,159
09.12.2008,6,2,53,91,18,1,18,29,179
08.12.2008,6,4,50,98,18,0,19,22,154
07.12.2008,5,7,31,46,11,1,15,32,81
06.12.2008,13,4,40,67,9,1,10,57,143
05.12.2008,11,5,42,101,23,3,20,39,190
04.12.2008,9,3,44,105,21,1,27,37,196
03.12.2008,13,2,39,94,14,1,14,26,156
02.12.2008,9,1,53,98,21,1,25,24,158
01.12.2008,15,8,46,107,14,0,18,34,166
30.11.2008,13,8,32,58,16,6,14,65,85
29.11.2008,6,2,30,70,23,1,34,42,172
28.11.2008,3,5,42,99,15,1,18,44,235
27.11.2008,9,3,34,110,16,1,19,23,167
26.11.2008,6,5,50,112,19,1,17,21,159
25.11.2008,8,5,43,82,8,0,13,16,136
24.11.2008,4,12,37,104,5,0,5,18,156
23.11.2008,11,8,27,33,6,0,8,27,113
22.11.2008,2,7,56,46,26,2,32,38,232
21.11.2008,8,4,50,93,32,0,37,41,211
20.11.2008,5,1,40,83,31,3,35,18,228
19.11.2008,9,1,35,100,13,0,15,16,173
18.11.2008,13,1,60,84,12,1,13,23,166
17.11.2008,3,3,50,121,19,2,18,36,181
16.11.2008,8,9,30,43,18,3,24,40,108
15.11.2008,9,6,37,67,11,0,14,34,81
14.11.2008,5,2,32,100,18,1,17,37,177
13.11.2008,15,0,57,136,15,3,18,40,149
12.11.2008,4,1,56,77,6,0,9,21,114
11.11.2008,9,1,42,49,10,1,14,39,71
10.11.2008,4,8,34,102,12,0,16,21,128
09.11.2008,6,9,41,54,10,1,17,42,97
08.11.2008,9,7,52,73,13,0,15,46,117
07.11.2008,3,4,52,91,13,0,19,31,161
06.11.2008,6,4,48,99,15,0,17,33,124
05.11.2008,5,7,40,107,12,0,18,23,153
04.11.2008,3,5,50,95,13,1,19,25,135
03.11.2008,11,6,73,87,13,2,11,24,138
02.11.2008,6,5,34,41,6,1,5,40,95
01.11.2008,11,10,36,54,16,0,21,50,117
31.10.2008,5,3,53,87,25,2,28,49,207
30.10.2008,10,4,69,103,19,0,22,34,221
29.10.2008,11,4,53,101,20,1,28,35,165
28.10.2008,5,1,53,97,7,0,8,27,159
27.10.2008,9,4,63,118,11,2,10,23,151
26.10.2008,4,5,47,47,9,1,18,45,84
25.10.2008,13,5,43,58,18,3,29,51,115
24.10.2008,5,5,64,96,14,1,15,34,170
23.10.2008,8,4,47,107,26,1,41,34,240
22.10.2008,13,4,52,91,14,1,14,24,151
21.10.2008,7,8,44,122,10,0,17,20,165
20.10.2008,4,3,49,92,13,2,17,28,177
19.10.2008,5,9,30,53,6,0,15,43,81
18.10.2008,9,7,33,85,17,0,25,41,122
17.10.2008,7,2,55,90,26,0,37,52,187
16.10.2008,6,4,51,106,28,6,25,39,210
15.10.2008,6,8,69,100,9,2,7,30,164
14.10.2008,7,3,45,100,13,1,16,32,178
13.10.2008,5,4,44,88,13,4,12,35,179
12.10.2008,8,8,26,59,25,2,35,44,119
11.10.2008,8,12,49,82,14,2,18,34,124
10.10.2008,11,3,50,108,21,1,27,52,174
09.10.2008,13,3,43,82,18,2,22,23,166
08.10.2008,5,6,51,106,17,0,22,30,140
07.10.2008,8,7,47,115,14,1,18,37,163
06.10.2008,5,10,55,110,9,0,12,35,156
05.10.2008,6,5,32,67,15,3,18,44,77
04.10.2008,6,4,44,84,10,1,15,45,173
03.10.2008,6,4,60,95,21,1,33,53,219
02.10.2008,8,4,60,93,13,1,19,35,159
01.10.2008,5,3,46,104,12,1,12,28,160
30.09.2008,6,5,55,92,11,1,11,32,147
29.09.2008,9,4,58,115,13,2,19,20,167
28.09.2008,8,5,28,60,13,0,18,22,67
27.09.2008,7,3,46,80,20,2,22,41,119
26.09.2008,7,4,38,101,13,1,16,43,179
25.09.2008,6,4,53,95,7,0,7,16,185
24.09.2008,5,1,53,102,12,0,17,31,181
23.09.2008,3,1,45,103,10,0,17,26,196
22.09.2008,3,2,60,136,17,0,21,27,165
21.09.2008,7,6,38,54,16,2,21,35,100
20.09.2008,6,2,46,68,16,2,28,36,206
19.09.2008,6,4,60,111,7,1,6,33,189
18.09.2008,3,3,47,76,7,2,6,23,152
17.09.2008,2,0,33,86,10,3,13,24,204
16.09.2008,4,4,32,90,23,1,34,23,254
15.09.2008,5,7,47,89,20,0,25,29,224
14.09.2008,6,3,26,54,12,0,14,57,70
13.09.2008,2,3,30,70,9,0,10,58,124
12.09.2008,8,1,49,100,16,1,21,62,153
11.09.2008,10,5,39,106,19,1,19,45,139
10.09.2008,13,3,60,101,18,2,23,37,169
09.09.2008,4,5,39,104,17,0,20,32,169
08.09.2008,13,6,51,121,16,0,21,36,245
07.09.2008,19,14,30,47,12,1,22,52,67
06.09.2008,9,2,42,72,20,3,29,47,121
05.09.2008,3,5,53,90,9,1,8,35,145
04.09.2008,7,3,38,95,15,1,19,30,137
03.09.2008,7,5,58,113,16,1,0,26,18
02.09.2008,10,1,50,92,15,0,16,23,134
01.09.2008,9,13,44,116,18,0,21,42,146
31.08.2008,12,8,41,56,9,0,13,40,84
30.08.2008,10,8,37,68,14,0,18,53,115
29.08.2008,5,4,35,102,14,2,13,24,166
28.08.2008,3,4,36,109,11,2,16,34,121
27.08.2008,4,1,66,107,12,0,14,30,135
26.08.2008,7,1,61,89,12,2,11,20,140
25.08.2008,8,5,58,125,7,1,7,38,121
24.08.2008,11,6,32,50,14,2,14,44,78
23.08.2008,8,5,37,82,14,0,23,46,115
22.08.2008,5,4,49,113,12,2,12,41,131
21.08.2008,8,0,48,101,4,0,6,35,133
20.08.2008,6,2,46,104,8,1,11,28,133
19.08.2008,6,1,57,120,13,0,17,28,124
18.08.2008,9,6,50,108,13,0,20,23,119
17.08.2008,8,3,35,54,4,0,4,55,64
16.08.2008,6,6,31,50,15,1,23,41,127
15.08.2008,10,0,29,48,19,2,29,29,103
14.08.2008,9,1,46,116,18,1,18,29,147
13.08.2008,5,3,41,84,11,0,13,28,133
12.08.2008,6,1,38,123,13,0,15,32,152
11.08.2008,5,5,40,123,14,2,17,41,143
10.08.2008,11,6,49,49,15,2,15,52,77
09.08.2008,6,5,35,71,15,0,19,44,158
08.08.2008,4,3,45,96,14,0,16,43,159
07.08.2008,7,2,45,116,15,0,15,37,139
06.08.2008,5,4,61,109,10,0,11,24,148
05.08.2008,11,3,37,104,9,0,12,31,125
04.08.2008,13,4,50,119,14,3,20,29,140
03.08.2008,9,6,33,54,11,0,13,53,91
02.08.2008,11,9,42,82,16,2,26,87,103
01.08.2008,4,8,50,100,12,0,17,43,134
31.07.2008,1,4,57,99,12,5,14,38,128
30.07.2008,5,7,41,99,12,1,13,35,120
29.07.2008,9,6,48,103,13,1,14,24,124
28.07.2008,8,3,52,123,12,2,11,40,141
27.07.2008,12,5,37,50,15,1,25,54,78
26.07.2008,8,2,49,63,17,4,23,51,92
25.07.2008,8,2,62,75,13,2,12,34,179
24.07.2008,5,0,53,102,17,2,22,26,167
23.07.2008,8,6,47,89,12,0,15,25,146
22.07.2008,14,1,46,110,8,0,12,40,112
21.07.2008,9,5,60,104,15,0,16,41,136
20.07.2008,7,9,27,45,12,1,13,55,79
18.07.2008,5,2,46,102,10,0,13,47,118
17.07.2008,10,3,43,115,11,0,14,40,134
16.07.2008,8,1,62,112,15,2,14,41,112
15.07.2008,3,7,59,111,7,0,9,30,133
14.07.2008,6,4,49,112,11,0,13,36,131
13.07.2008,3,4,31,51,12,1,16,48,124
12.07.2008,4,4,35,71,16,8,18,51,106
11.07.2008,4,4,46,110,12,0,16,63,163
10.07.2008,12,4,35,113,12,0,14,41,137
09.07.2008,7,6,50,101,8,1,7,35,171
08.07.2008,6,1,41,110,13,0,27,28,160
07.07.2008,4,6,42,99,14,1,17,42,141
06.07.2008,11,9,30,53,7,1,14,53,63
05.07.2008,6,4,45,65,15,3,22,36,133
04.07.2008,4,2,37,91,18,24,6,50,196
03.07.2008,4,2,34,111,22,2,22,46,130
02.07.2008,9,3,50,103,17,1,18,33,115
01.07.2008,4,1,55,131,18,2,28,40,143
30.06.2008,8,4,54,122,5,0,6,48,153
29.06.2008,7,8,34,60,19,0,29,55,86
28.06.2008,9,4,51,83,14,1,18,56,114
27.06.2008,6,4,32,123,9,0,14,33,152
26.06.2008,5,3,52,99,13,0,15,29,156
25.06.2008,6,4,45,132,14,0,24,40,163
24.06.2008,6,4,37,139,14,1,14,42,153
23.06.2008,16,1,65,114,20,1,30,41,133
22.06.2008,12,6,43,54,14,2,17,49,82
21.06.2008,4,11,42,69,11,0,16,50,92
20.06.2008,6,4,53,93,11,0,14,52,177
19.06.2008,4,1,49,93,13,1,12,41,37
18.06.2008,7,5,50,109,14,0,18,37,115
17.06.2008,7,2,39,109,15,1,21,21,183
16.06.2008,7,2,45,126,13,0,19,31,160
15.06.2008,6,5,38,52,6,0,7,37,84
14.06.2008,5,3,48,77,9,1,8,36,119
13.06.2008,7,7,49,121,16,0,22,43,133
12.06.2008,10,1,53,101,12,1,18,23,138
11.06.2008,7,6,45,99,9,0,12,38,172
10.06.2008,8,4,52,136,11,0,14,42,143
09.06.2008,10,13,50,107,12,0,24,31,147
08.06.2008,6,5,28,44,7,0,9,46,81
07.06.2008,8,4,32,71,9,0,12,96,106
06.06.2008,11,2,48,124,14,0,19,42,167
05.06.2008,6,2,70,127,9,0,13,25,147
04.06.2008,6,2,68,120,13,1,16,25,148
03.06.2008,4,4,57,130,16,2,18,24,171
02.06.2008,8,3,60,132,13,0,14,36,158
01.06.2008,8,5,44,50,20,1,20,36,103
31.05.2008,6,4,53,88,17,2,25,37,132
30.05.2008,10,3,46,95,18,2,20,30,175
29.05.2008,12,4,69,100,7,1,5,25,149
28.05.2008,10,1,58,128,12,0,14,27,147
27.05.2008,12,1,59,108,14,1,21,34,132
26.05.2008,11,2,63,122,14,1,14,29,144
25.05.2008,14,4,47,61,8,1,13,42,56
24.05.2008,4,8,51,87,12,1,17,41,90
23.05.2008,9,2,62,112,4,0,9,45,113
22.05.2008,3,7,41,52,4,0,5,34,50
21.05.2008,2,3,50,123,9,1,10,19,235
20.05.2008,6,4,48,135,11,0,12,30,195
19.05.2008,10,4,68,115,22,2,23,29,243
18.05.2008,15,8,42,49,14,1,30,55,126
17.05.2008,10,5,75,50,16,1,16,62,112
16.05.2008,11,3,52,120,7,0,8,57,173
15.05.2008,7,3,56,117,12,3,14,26,150
14.05.2008,6,2,34,106,18,0,24,27,166
13.05.2008,8,1,51,86,14,1,14,27,155
12.05.2008,2,9,56,134,13,2,12,36,148
11.05.2008,11,5,37,45,17,1,22,44,87
10.05.2008,10,8,47,62,19,0,28,28,137
09.05.2008,7,5,45,112,19,0,30,48,190
08.05.2008,11,2,29,110,6,1,6,17,138
07.05.2008,7,2,55,105,10,0,11,24,148
06.05.2008,8,8,61,104,19,1,24,27,160
05.05.2008,6,4,62,131,8,3,10,20,142
04.05.2008,8,9,34,47,16,1,23,48,126
03.05.2008,7,3,37,45,11,0,18,44,59
02.05.2008,6,6,53,87,13,1,17,48,99
01.05.2008,7,7,32,51,11,0,16,44,69
30.04.2008,5,3,61,119,21,0,25,40,172
29.04.2008,7,2,42,102,14,0,19,25,152
28.04.2008,5,3,48,122,18,3,20,39,190
27.04.2008,10,8,35,40,13,1,13,41,95
26.04.2008,8,3,41,91,12,1,17,61,118
25.04.2008,15,7,40,98,19,2,19,35,176
24.04.2008,1,3,69,104,11,1,11,39,130
23.04.2008,5,6,59,108,7,0,7,28,156
22.04.2008,8,2,33,95,13,1,16,27,144
21.04.2008,6,7,80,104,12,2,20,33,162
20.04.2008,8,10,57,42,14,1,19,50,78
19.04.2008,9,6,34,70,8,0,15,97,152
18.04.2008,7,3,47,116,9,0,12,35,187
17.04.2008,4,3,60,103,12,0,12,29,140
16.04.2008,5,5,42,88,16,1,17,26,188
15.04.2008,11,5,51,113,16,1,16,34,168
14.04.2008,10,11,53,135,13,4,15,38,151
13.04.2008,12,8,38,44,16,1,20,41,64
12.04.2008,5,9,33,68,8,1,12,53,138
11.04.2008,8,7,48,92,24,1,25,48,138
10.04.2008,5,5,62,89,19,1,20,51,177
09.04.2008,6,2,46,104,19,3,24,35,129
08.04.2008,5,0,58,120,10,0,11,40,147
07.04.2008,7,7,56,133,12,1,15,32,161
06.04.2008,13,14,60,63,10,0,18,33,47
05.04.2008,14,4,49,88,6,0,9,42,64
04.04.2008,8,7,58,114,9,0,10,46,110
03.04.2008,3,1,44,98,9,0,10,31,144
02.04.2008,7,2,53,126,13,4,14,28,197
01.04.2008,11,8,57,110,13,1,11,32,140
25.02.2016,3,2,22,49,6,0,7,11,174
